2026-09-09T08:50:00.289-03:00  INFO 17116 --- [projetonsei] [restartedMain] i.g.h.projetonsei.Application            : Starting Application using Java 21.0.12.1 with PID 17116 (C:\Users\Henrique Souza\Desktop\spring\projetonsei\target\classes started by Henrique Souza in C:\Users\Henrique Souza\Desktop\spring\projetonsei)
2026-09-09T08:50:00.314-03:00  INFO 17116 --- [projetonsei] [restartedMain] i.g.h.projetonsei.Application            : No active profile set, falling back to 1 default profile: "default"
2026-09-09T08:50:10.177-03:00 TRACE 17116 --- [projetonsei] [restartedMain] eGlobalAuthenticationAutowiredConfigurer : Eagerly initializing {securityConfiguration=io.github.henrique0120.projetonsei.config.SecurityConfiguration$$SpringCGLIB$$0@51bc53c3}
2026-09-09T08:50:10.192-03:00  INFO 17116 --- [projetonsei] [restartedMain] r$InitializeUserDetailsManagerConfigurer : Global AuthenticationManager configured with UserDetailsService bean with name userDetailsServiceImpl
2026-09-09T08:50:10.796-03:00  WARN 17116 --- [projetonsei] [restartedMain] JpaBaseConfiguration$JpaWebConfiguration : spring.jpa.open-in-view is enabled by default. Therefore, database queries may be performed during view rendering. Explicitly configure spring.jpa.open-in-view to disable this warning
2026-09-09T08:50:11.178-03:00 DEBUG 17116 --- [projetonsei] [restartedMain] o.s.s.web.DefaultSecurityFilterChain     : Will secure any request with filters: DisableEncodeUrlFilter, WebAsyncManagerIntegrationFilter, SecurityContextHolderFilter, HeaderWriterFilter, LogoutFilter, JwtAuthenticationFilter, RequestCacheAwareFilter, SecurityContextHolderAwareRequestFilter, AnonymousAuthenticationFilter, SessionManagementFilter, ExceptionTranslationFilter, AuthorizationFilter
2026-09-09T08:50:11.188-03:00  WARN 17116 --- [projetonsei] [restartedMain] o.s.s.c.a.web.builders.WebSecurity       : You are asking Spring Security to ignore PathPattern [/v2/api-docs/**]. This is not recommended -- please use permitAll via HttpSecurity#authorizeHttpRequests instead.
2026-09-09T08:50:11.188-03:00 DEBUG 17116 --- [projetonsei] [restartedMain] o.s.s.web.DefaultSecurityFilterChain     : Will not secure PathPattern [/v2/api-docs/**]
2026-09-09T08:50:11.188-03:00  WARN 17116 --- [projetonsei] [restartedMain] o.s.s.c.a.web.builders.WebSecurity       : You are asking Spring Security to ignore PathPattern [/v3/api-docs/**]. This is not recommended -- please use permitAll via HttpSecurity#authorizeHttpRequests instead.
2026-09-09T08:50:11.190-03:00 DEBUG 17116 --- [projetonsei] [restartedMain] o.s.s.web.DefaultSecurityFilterChain     : Will not secure PathPattern [/v3/api-docs/**]
2026-09-09T08:50:11.190-03:00  WARN 17116 --- [projetonsei] [restartedMain] o.s.s.c.a.web.builders.WebSecurity       : You are asking Spring Security to ignore PathPattern [/swagger-resources/**]. This is not recommended -- please use permitAll via HttpSecurity#authorizeHttpRequests instead.
2026-09-09T08:50:11.190-03:00 DEBUG 17116 --- [projetonsei] [restartedMain] o.s.s.web.DefaultSecurityFilterChain     : Will not secure PathPattern [/swagger-resources/**]
2026-09-09T08:50:11.190-03:00  WARN 17116 --- [projetonsei] [restartedMain] o.s.s.c.a.web.builders.WebSecurity       : You are asking Spring Security to ignore PathPattern [/swagger-ui.html]. This is not recommended -- please use permitAll via HttpSecurity#authorizeHttpRequests instead.
2026-09-09T08:50:11.190-03:00 DEBUG 17116 --- [projetonsei] [restartedMain] o.s.s.web.DefaultSecurityFilterChain     : Will not secure PathPattern [/swagger-ui.html]
2026-09-09T08:50:11.190-03:00  WARN 17116 --- [projetonsei] [restartedMain] o.s.s.c.a.web.builders.WebSecurity       : You are asking Spring Security to ignore PathPattern [/swagger-ui/**]. This is not recommended -- please use permitAll via HttpSecurity#authorizeHttpRequests instead.
2026-09-09T08:50:11.191-03:00 DEBUG 17116 --- [projetonsei] [restartedMain] o.s.s.web.DefaultSecurityFilterChain     : Will not secure PathPattern [/swagger-ui/**]
2026-09-09T08:50:11.191-03:00  WARN 17116 --- [projetonsei] [restartedMain] o.s.s.c.a.web.builders.WebSecurity       : You are asking Spring Security to ignore PathPattern [/webjars/**]. This is not recommended -- please use permitAll via HttpSecurity#authorizeHttpRequests instead.
2026-09-09T08:50:11.191-03:00 DEBUG 17116 --- [projetonsei] [restartedMain] o.s.s.web.DefaultSecurityFilterChain     : Will not secure PathPattern [/webjars/**]
2026-09-09T08:50:11.440-03:00  WARN 17116 --- [projetonsei] [restartedMain] s.w.s.m.m.a.RequestMappingHandlerMapping : Multiple @RequestMapping annotations found on public org.springframework.http.ResponseEntity io.github.henrique0120.projetonsei.controller.AGRController.findAGR(java.util.UUID), but only the first will be used: [@org.springframework.web.bind.annotation.PutMapping(consumes={}, headers={}, name="", params={}, path={}, produces={}, value={}, version=""), @org.springframework.web.bind.annotation.GetMapping(consumes={}, headers={}, name="", params={}, path={}, produces={}, value={}, version="")]
2026-09-09T08:50:11.524-03:00 DEBUG 17116 --- [projetonsei] [restartedMain] s.w.s.m.m.a.RequestMappingHandlerMapping : 18 mappings in 'requestMappingHandlerMapping'
2026-09-09T08:50:11.609-03:00 DEBUG 17116 --- [projetonsei] [restartedMain] o.s.w.s.handler.SimpleUrlHandlerMapping  : Patterns [/webjars/**, /**, /swagger-ui/**, /swagger-ui/*index.html, /swagger-ui/*swagger-initializer.js, /webjars/*swagger-ui/**, /webjars/*swagger-ui/*index.html, /webjars/*swagger-ui/5.32.11/*index.html, /webjars/*swagger-ui/*swagger-initializer.js, /webjars/*swagger-ui/5.32.11/*swagger-initializer.js] in 'resourceHandlerMapping'
2026-09-09T08:50:11.676-03:00 DEBUG 17116 --- [projetonsei] [restartedMain] s.w.s.m.m.a.RequestMappingHandlerAdapter : ControllerAdvice beans: 0 @ModelAttribute, 0 @InitBinder, 2 RequestBodyAdvice, 1 ResponseBodyAdvice
2026-09-09T08:50:11.803-03:00 DEBUG 17116 --- [projetonsei] [restartedMain] .m.m.a.ExceptionHandlerExceptionResolver : ControllerAdvice beans: 2 @ExceptionHandler, 1 ResponseBodyAdvice
2026-09-09T08:50:13.895-03:00  INFO 17116 --- [projetonsei] [restartedMain] i.g.h.projetonsei.Application            : Started Application in 14.842 seconds (process running for 16.3)
2026-09-09T08:50:13.902-03:00  WARN 17116 --- [projetonsei] [restartedMain] o.s.core.events.SpringDocAppInitializer  : SpringDoc /v3/api-docs endpoint is enabled by default. To disable it in production, set the property 'springdoc.api-docs.enabled=false'
2026-09-09T08:50:13.903-03:00  WARN 17116 --- [projetonsei] [restartedMain] o.s.core.events.SpringDocAppInitializer  : SpringDoc /swagger-ui.html endpoint is enabled by default. To disable it in production, set the property 'springdoc.swagger-ui.enabled=false'
2026-09-09T08:52:32.126-03:00  INFO 17196 --- [projetonsei] [restartedMain] i.g.h.projetonsei.Application            : Starting Application using Java 21.0.12.1 with PID 17196 (C:\Users\Henrique Souza\Desktop\spring\projetonsei\target\classes started by Henrique Souza in C:\Users\Henrique Souza\Desktop\spring\projetonsei)
2026-09-09T08:52:32.135-03:00  INFO 17196 --- [projetonsei] [restartedMain] i.g.h.projetonsei.Application            : No active profile set, falling back to 1 default profile: "default"
2026-09-09T08:52:45.345-03:00 TRACE 17196 --- [projetonsei] [restartedMain] eGlobalAuthenticationAutowiredConfigurer : Eagerly initializing {securityConfiguration=io.github.henrique0120.projetonsei.config.SecurityConfiguration$$SpringCGLIB$$0@92a757}
2026-09-09T08:52:45.365-03:00  INFO 17196 --- [projetonsei] [restartedMain] r$InitializeUserDetailsManagerConfigurer : Global AuthenticationManager configured with UserDetailsService bean with name userDetailsServiceImpl
2026-09-09T08:52:46.235-03:00  WARN 17196 --- [projetonsei] [restartedMain] JpaBaseConfiguration$JpaWebConfiguration : spring.jpa.open-in-view is enabled by default. Therefore, database queries may be performed during view rendering. Explicitly configure spring.jpa.open-in-view to disable this warning
2026-09-09T08:52:46.717-03:00 DEBUG 17196 --- [projetonsei] [restartedMain] o.s.s.web.DefaultSecurityFilterChain     : Will secure any request with filters: DisableEncodeUrlFilter, WebAsyncManagerIntegrationFilter, SecurityContextHolderFilter, HeaderWriterFilter, LogoutFilter, JwtAuthenticationFilter, RequestCacheAwareFilter, SecurityContextHolderAwareRequestFilter, AnonymousAuthenticationFilter, SessionManagementFilter, ExceptionTranslationFilter, AuthorizationFilter
2026-09-09T08:52:46.731-03:00  WARN 17196 --- [projetonsei] [restartedMain] o.s.s.c.a.web.builders.WebSecurity       : You are asking Spring Security to ignore PathPattern [/v2/api-docs/**]. This is not recommended -- please use permitAll via HttpSecurity#authorizeHttpRequests instead.
2026-09-09T08:52:46.731-03:00 DEBUG 17196 --- [projetonsei] [restartedMain] o.s.s.web.DefaultSecurityFilterChain     : Will not secure PathPattern [/v2/api-docs/**]
2026-09-09T08:52:46.731-03:00  WARN 17196 --- [projetonsei] [restartedMain] o.s.s.c.a.web.builders.WebSecurity       : You are asking Spring Security to ignore PathPattern [/v3/api-docs/**]. This is not recommended -- please use permitAll via HttpSecurity#authorizeHttpRequests instead.
2026-09-09T08:52:46.732-03:00 DEBUG 17196 --- [projetonsei] [restartedMain] o.s.s.web.DefaultSecurityFilterChain     : Will not secure PathPattern [/v3/api-docs/**]
2026-09-09T08:52:46.732-03:00  WARN 17196 --- [projetonsei] [restartedMain] o.s.s.c.a.web.builders.WebSecurity       : You are asking Spring Security to ignore PathPattern [/swagger-resources/**]. This is not recommended -- please use permitAll via HttpSecurity#authorizeHttpRequests instead.
2026-09-09T08:52:46.732-03:00 DEBUG 17196 --- [projetonsei] [restartedMain] o.s.s.web.DefaultSecurityFilterChain     : Will not secure PathPattern [/swagger-resources/**]
2026-09-09T08:52:46.733-03:00  WARN 17196 --- [projetonsei] [restartedMain] o.s.s.c.a.web.builders.WebSecurity       : You are asking Spring Security to ignore PathPattern [/swagger-ui.html]. This is not recommended -- please use permitAll via HttpSecurity#authorizeHttpRequests instead.
2026-09-09T08:52:46.733-03:00 DEBUG 17196 --- [projetonsei] [restartedMain] o.s.s.web.DefaultSecurityFilterChain     : Will not secure PathPattern [/swagger-ui.html]
2026-09-09T08:52:46.733-03:00  WARN 17196 --- [projetonsei] [restartedMain] o.s.s.c.a.web.builders.WebSecurity       : You are asking Spring Security to ignore PathPattern [/swagger-ui/**]. This is not recommended -- please use permitAll via HttpSecurity#authorizeHttpRequests instead.
2026-09-09T08:52:46.733-03:00 DEBUG 17196 --- [projetonsei] [restartedMain] o.s.s.web.DefaultSecurityFilterChain     : Will not secure PathPattern [/swagger-ui/**]
2026-09-09T08:52:46.733-03:00  WARN 17196 --- [projetonsei] [restartedMain] o.s.s.c.a.web.builders.WebSecurity       : You are asking Spring Security to ignore PathPattern [/webjars/**]. This is not recommended -- please use permitAll via HttpSecurity#authorizeHttpRequests instead.
2026-09-09T08:52:46.733-03:00 DEBUG 17196 --- [projetonsei] [restartedMain] o.s.s.web.DefaultSecurityFilterChain     : Will not secure PathPattern [/webjars/**]
2026-09-09T08:52:47.045-03:00 DEBUG 17196 --- [projetonsei] [restartedMain] s.w.s.m.m.a.RequestMappingHandlerMapping : 18 mappings in 'requestMappingHandlerMapping'
2026-09-09T08:52:47.140-03:00 DEBUG 17196 --- [projetonsei] [restartedMain] o.s.w.s.handler.SimpleUrlHandlerMapping  : Patterns [/webjars/**, /**, /swagger-ui/**, /swagger-ui/*index.html, /swagger-ui/*swagger-initializer.js, /webjars/*swagger-ui/**, /webjars/*swagger-ui/*index.html, /webjars/*swagger-ui/5.32.11/*index.html, /webjars/*swagger-ui/*swagger-initializer.js, /webjars/*swagger-ui/5.32.11/*swagger-initializer.js] in 'resourceHandlerMapping'
2026-09-09T08:52:47.208-03:00 DEBUG 17196 --- [projetonsei] [restartedMain] s.w.s.m.m.a.RequestMappingHandlerAdapter : ControllerAdvice beans: 0 @ModelAttribute, 0 @InitBinder, 2 RequestBodyAdvice, 1 ResponseBodyAdvice
2026-09-09T08:52:47.305-03:00 DEBUG 17196 --- [projetonsei] [restartedMain] .m.m.a.ExceptionHandlerExceptionResolver : ControllerAdvice beans: 2 @ExceptionHandler, 1 ResponseBodyAdvice
2026-09-09T08:52:48.068-03:00  INFO 17196 --- [projetonsei] [restartedMain] i.g.h.projetonsei.Application            : Started Application in 18.009 seconds (process running for 19.779)
2026-09-09T08:52:48.073-03:00  WARN 17196 --- [projetonsei] [restartedMain] o.s.core.events.SpringDocAppInitializer  : SpringDoc /v3/api-docs endpoint is enabled by default. To disable it in production, set the property 'springdoc.api-docs.enabled=false'
2026-09-09T08:52:48.073-03:00  WARN 17196 --- [projetonsei] [restartedMain] o.s.core.events.SpringDocAppInitializer  : SpringDoc /swagger-ui.html endpoint is enabled by default. To disable it in production, set the property 'springdoc.swagger-ui.enabled=false'
2026-09-09T08:53:09.338-03:00  INFO 17196 --- [projetonsei] [http-nio-8080-exec-1] o.s.web.servlet.DispatcherServlet        : Initializing Servlet 'dispatcherServlet'
2026-09-09T08:53:09.338-03:00 DEBUG 17196 --- [projetonsei] [http-nio-8080-exec-1] o.s.web.servlet.DispatcherServlet        : Detected StandardServletMultipartResolver
2026-09-09T08:53:09.338-03:00 DEBUG 17196 --- [projetonsei] [http-nio-8080-exec-1] o.s.web.servlet.DispatcherServlet        : Detected AcceptHeaderLocaleResolver
2026-09-09T08:53:09.342-03:00 DEBUG 17196 --- [projetonsei] [http-nio-8080-exec-1] o.s.web.servlet.DispatcherServlet        : Detected org.springframework.web.servlet.view.DefaultRequestToViewNameTranslator@609d6110
2026-09-09T08:53:09.343-03:00 DEBUG 17196 --- [projetonsei] [http-nio-8080-exec-1] o.s.web.servlet.DispatcherServlet        : Detected org.springframework.web.servlet.support.SessionFlashMapManager@1aad3c
2026-09-09T08:53:09.344-03:00 DEBUG 17196 --- [projetonsei] [http-nio-8080-exec-1] o.s.web.servlet.DispatcherServlet        : enableLoggingRequestDetails='false': request parameters and headers will be masked to prevent unsafe logging of potentially sensitive data
2026-09-09T08:53:09.345-03:00  INFO 17196 --- [projetonsei] [http-nio-8080-exec-1] o.s.web.servlet.DispatcherServlet        : Completed initialization in 7 ms
2026-09-09T08:53:09.372-03:00 TRACE 17196 --- [projetonsei] [http-nio-8080-exec-1] o.s.security.web.FilterChainProxy        : Trying to match request against DefaultSecurityFilterChain matching [PathPattern [/v2/api-docs/**]] and having filters [] (1/7)
2026-09-09T08:53:09.375-03:00 TRACE 17196 --- [projetonsei] [http-nio-8080-exec-1] o.s.security.web.FilterChainProxy        : Trying to match request against DefaultSecurityFilterChain matching [PathPattern [/v3/api-docs/**]] and having filters [] (2/7)
2026-09-09T08:53:09.375-03:00 TRACE 17196 --- [projetonsei] [http-nio-8080-exec-1] o.s.security.web.FilterChainProxy        : Trying to match request against DefaultSecurityFilterChain matching [PathPattern [/swagger-resources/**]] and having filters [] (3/7)
2026-09-09T08:53:09.376-03:00 TRACE 17196 --- [projetonsei] [http-nio-8080-exec-1] o.s.security.web.FilterChainProxy        : Trying to match request against DefaultSecurityFilterChain matching [PathPattern [/swagger-ui.html]] and having filters [] (4/7)
2026-09-09T08:53:09.378-03:00 TRACE 17196 --- [projetonsei] [http-nio-8080-exec-1] o.s.security.web.FilterChainProxy        : Trying to match request against DefaultSecurityFilterChain matching [PathPattern [/swagger-ui/**]] and having filters [] (5/7)
2026-09-09T08:53:09.378-03:00 TRACE 17196 --- [projetonsei] [http-nio-8080-exec-1] o.s.security.web.FilterChainProxy        : Trying to match request against DefaultSecurityFilterChain matching [PathPattern [/webjars/**]] and having filters [] (6/7)
2026-09-09T08:53:09.379-03:00 TRACE 17196 --- [projetonsei] [http-nio-8080-exec-1] o.s.security.web.FilterChainProxy        : Trying to match request against DefaultSecurityFilterChain defined as 'securityFilterChain' in [class path resource [io/github/henrique0120/projetonsei/config/SecurityConfiguration.class]] matching [any request] and having filters [DisableEncodeUrl, WebAsyncManagerIntegration, SecurityContextHolder, HeaderWriter, Logout, JwtAuthentication, RequestCacheAware, SecurityContextHolderAwareRequest, AnonymousAuthentication, SessionManagement, ExceptionTranslation, Authorization] (7/7)
2026-09-09T08:53:09.380-03:00 DEBUG 17196 --- [projetonsei] [http-nio-8080-exec-1] o.s.security.web.FilterChainProxy        : Securing GET /AGR/cd04ae90-eb20-4a82-a2b0-ce17269b8524
2026-09-09T08:53:09.382-03:00 TRACE 17196 --- [projetonsei] [http-nio-8080-exec-1] o.s.security.web.FilterChainProxy        : Invoking DisableEncodeUrlFilter (1/12)
2026-09-09T08:53:09.382-03:00 TRACE 17196 --- [projetonsei] [http-nio-8080-exec-1] o.s.security.web.FilterChainProxy        : Invoking WebAsyncManagerIntegrationFilter (2/12)
2026-09-09T08:53:09.389-03:00 TRACE 17196 --- [projetonsei] [http-nio-8080-exec-1] o.s.security.web.FilterChainProxy        : Invoking SecurityContextHolderFilter (3/12)
2026-09-09T08:53:09.394-03:00 TRACE 17196 --- [projetonsei] [http-nio-8080-exec-1] o.s.security.web.FilterChainProxy        : Invoking HeaderWriterFilter (4/12)
2026-09-09T08:53:09.399-03:00 TRACE 17196 --- [projetonsei] [http-nio-8080-exec-1] o.s.security.web.FilterChainProxy        : Invoking LogoutFilter (5/12)
2026-09-09T08:53:09.399-03:00 TRACE 17196 --- [projetonsei] [http-nio-8080-exec-1] o.s.s.w.a.logout.LogoutFilter            : Did not match request to Or [PathPattern [GET /logout], PathPattern [POST /logout], PathPattern [PUT /logout], PathPattern [DELETE /logout]]
2026-09-09T08:53:09.401-03:00 TRACE 17196 --- [projetonsei] [http-nio-8080-exec-1] o.s.security.web.FilterChainProxy        : Invoking JwtAuthenticationFilter (6/12)
2026-09-09T08:53:09.401-03:00 TRACE 17196 --- [projetonsei] [http-nio-8080-exec-1] o.s.security.web.FilterChainProxy        : Invoking RequestCacheAwareFilter (7/12)
2026-09-09T08:53:09.401-03:00 TRACE 17196 --- [projetonsei] [http-nio-8080-exec-1] o.s.security.web.FilterChainProxy        : Invoking SecurityContextHolderAwareRequestFilter (8/12)
2026-09-09T08:53:09.401-03:00 TRACE 17196 --- [projetonsei] [http-nio-8080-exec-1] o.s.security.web.FilterChainProxy        : Invoking AnonymousAuthenticationFilter (9/12)
2026-09-09T08:53:09.401-03:00 TRACE 17196 --- [projetonsei] [http-nio-8080-exec-1] o.s.security.web.FilterChainProxy        : Invoking SessionManagementFilter (10/12)
2026-09-09T08:53:09.407-03:00 TRACE 17196 --- [projetonsei] [http-nio-8080-exec-1] .s.s.w.c.SupplierDeferredSecurityContext : Created SecurityContextImpl [Null authentication]
2026-09-09T08:53:09.410-03:00 TRACE 17196 --- [projetonsei] [http-nio-8080-exec-1] o.s.s.w.a.AnonymousAuthenticationFilter  : Set SecurityContextHolder to AnonymousAuthenticationToken [Principal=anonymousUser, Credentials=[PROTECTED], Authenticated=true, Details=WebAuthenticationDetails [RemoteIpAddress=0:0:0:0:0:0:0:1, SessionId=null], Granted Authorities=[ROLE_ANONYMOUS]]
2026-09-09T08:53:09.411-03:00 TRACE 17196 --- [projetonsei] [http-nio-8080-exec-1] o.s.security.web.FilterChainProxy        : Invoking ExceptionTranslationFilter (11/12)
2026-09-09T08:53:09.411-03:00 TRACE 17196 --- [projetonsei] [http-nio-8080-exec-1] o.s.security.web.FilterChainProxy        : Invoking AuthorizationFilter (12/12)
2026-09-09T08:53:09.413-03:00 TRACE 17196 --- [projetonsei] [http-nio-8080-exec-1] estMatcherDelegatingAuthorizationManager : Authorizing GET /AGR/cd04ae90-eb20-4a82-a2b0-ce17269b8524
2026-09-09T08:53:09.413-03:00 TRACE 17196 --- [projetonsei] [http-nio-8080-exec-1] estMatcherDelegatingAuthorizationManager : Checking authorization on GET /AGR/cd04ae90-eb20-4a82-a2b0-ce17269b8524 using org.springframework.security.authorization.AuthenticatedAuthorizationManager@6f81b33c
2026-09-09T08:53:09.417-03:00 TRACE 17196 --- [projetonsei] [http-nio-8080-exec-1] o.s.s.w.a.ExceptionTranslationFilter     : Sending AnonymousAuthenticationToken [Principal=anonymousUser, Credentials=[PROTECTED], Authenticated=true, Details=WebAuthenticationDetails [RemoteIpAddress=0:0:0:0:0:0:0:1, SessionId=null], Granted Authorities=[ROLE_ANONYMOUS]] to authentication entry point since access is denied

org.springframework.security.authorization.AuthorizationDeniedException: Access Denied
	at org.springframework.security.web.access.intercept.AuthorizationFilter.doFilter(AuthorizationFilter.java:99) ~[spring-security-web-7.0.5.jar:7.0.5]
	at org.springframework.security.web.FilterChainProxy$VirtualFilterChain.doFilter(FilterChainProxy.java:385) ~[spring-security-web-7.0.5.jar:7.0.5]
	at org.springframework.security.web.access.ExceptionTranslationFilter.doFilter(ExceptionTranslationFilter.java:126) ~[spring-security-web-7.0.5.jar:7.0.5]
	at org.springframework.security.web.access.ExceptionTranslationFilter.doFilter(ExceptionTranslationFilter.java:120) ~[spring-security-web-7.0.5.jar:7.0.5]
	at org.springframework.security.web.FilterChainProxy$VirtualFilterChain.doFilter(FilterChainProxy.java:385) ~[spring-security-web-7.0.5.jar:7.0.5]
	at org.springframework.security.web.session.SessionManagementFilter.doFilter(SessionManagementFilter.java:132) ~[spring-security-web-7.0.5.jar:7.0.5]
	at org.springframework.security.web.session.SessionManagementFilter.doFilter(SessionManagementFilter.java:86) ~[spring-security-web-7.0.5.jar:7.0.5]
	at org.springframework.security.web.FilterChainProxy$VirtualFilterChain.doFilter(FilterChainProxy.java:385) ~[spring-security-web-7.0.5.jar:7.0.5]
	at org.springframework.security.web.authentication.AnonymousAuthenticationFilter.doFilter(AnonymousAuthenticationFilter.java:100) ~[spring-security-web-7.0.5.jar:7.0.5]
	at org.springframework.security.web.FilterChainProxy$VirtualFilterChain.doFilter(FilterChainProxy.java:385) ~[spring-security-web-7.0.5.jar:7.0.5]
	at org.springframework.security.web.servletapi.SecurityContextHolderAwareRequestFilter.doFilter(SecurityContextHolderAwareRequestFilter.java:181) ~[spring-security-web-7.0.5.jar:7.0.5]
	at org.springframework.security.web.FilterChainProxy$VirtualFilterChain.doFilter(FilterChainProxy.java:385) ~[spring-security-web-7.0.5.jar:7.0.5]
	at org.springframework.security.web.savedrequest.RequestCacheAwareFilter.doFilter(RequestCacheAwareFilter.java:63) ~[spring-security-web-7.0.5.jar:7.0.5]
	at org.springframework.security.web.FilterChainProxy$VirtualFilterChain.doFilter(FilterChainProxy.java:385) ~[spring-security-web-7.0.5.jar:7.0.5]
	at io.github.henrique0120.projetonsei.config.JwtAuthenticationFilter.doFilterInternal(JwtAuthenticationFilter.java:43) ~[classes/:na]
	at org.springframework.web.filter.OncePerRequestFilter.doFilter(OncePerRequestFilter.java:116) ~[spring-web-7.0.7.jar:7.0.7]
	at org.springframework.security.web.FilterChainProxy$VirtualFilterChain.doFilter(FilterChainProxy.java:385) ~[spring-security-web-7.0.5.jar:7.0.5]
	at org.springframework.security.web.authentication.logout.LogoutFilter.doFilter(LogoutFilter.java:110) ~[spring-security-web-7.0.5.jar:7.0.5]
	at org.springframework.security.web.authentication.logout.LogoutFilter.doFilter(LogoutFilter.java:96) ~[spring-security-web-7.0.5.jar:7.0.5]
	at org.springframework.security.web.FilterChainProxy$VirtualFilterChain.doFilter(FilterChainProxy.java:385) ~[spring-security-web-7.0.5.jar:7.0.5]
	at org.springframework.security.web.header.HeaderWriterFilter.doHeadersAfter(HeaderWriterFilter.java:90) ~[spring-security-web-7.0.5.jar:7.0.5]
	at org.springframework.security.web.header.HeaderWriterFilter.doFilterInternal(HeaderWriterFilter.java:75) ~[spring-security-web-7.0.5.jar:7.0.5]
	at org.springframework.web.filter.OncePerRequestFilter.doFilter(OncePerRequestFilter.java:116) ~[spring-web-7.0.7.jar:7.0.7]
	at org.springframework.security.web.FilterChainProxy$VirtualFilterChain.doFilter(FilterChainProxy.java:385) ~[spring-security-web-7.0.5.jar:7.0.5]
	at org.springframework.security.web.context.SecurityContextHolderFilter.doFilter(SecurityContextHolderFilter.java:82) ~[spring-security-web-7.0.5.jar:7.0.5]
	at org.springframework.security.web.context.SecurityContextHolderFilter.doFilter(SecurityContextHolderFilter.java:69) ~[spring-security-web-7.0.5.jar:7.0.5]
	at org.springframework.security.web.FilterChainProxy$VirtualFilterChain.doFilter(FilterChainProxy.java:385) ~[spring-security-web-7.0.5.jar:7.0.5]
	at org.springframework.security.web.context.request.async.WebAsyncManagerIntegrationFilter.doFilterInternal(WebAsyncManagerIntegrationFilter.java:62) ~[spring-security-web-7.0.5.jar:7.0.5]
	at org.springframework.web.filter.OncePerRequestFilter.doFilter(OncePerRequestFilter.java:116) ~[spring-web-7.0.7.jar:7.0.7]
	at org.springframework.security.web.FilterChainProxy$VirtualFilterChain.doFilter(FilterChainProxy.java:385) ~[spring-security-web-7.0.5.jar:7.0.5]
	at org.springframework.security.web.session.DisableEncodeUrlFilter.doFilterInternal(DisableEncodeUrlFilter.java:42) ~[spring-security-web-7.0.5.jar:7.0.5]
	at org.springframework.web.filter.OncePerRequestFilter.doFilter(OncePerRequestFilter.java:116) ~[spring-web-7.0.7.jar:7.0.7]
	at org.springframework.security.web.FilterChainProxy$VirtualFilterChain.doFilter(FilterChainProxy.java:385) ~[spring-security-web-7.0.5.jar:7.0.5]
	at org.springframework.security.web.FilterChainProxy.doFilterInternal(FilterChainProxy.java:237) ~[spring-security-web-7.0.5.jar:7.0.5]
	at org.springframework.security.web.FilterChainProxy.doFilter(FilterChainProxy.java:195) ~[spring-security-web-7.0.5.jar:7.0.5]
	at org.springframework.web.filter.CompositeFilter$VirtualFilterChain.doFilter(CompositeFilter.java:113) ~[spring-web-7.0.7.jar:7.0.7]
	at org.springframework.web.filter.ServletRequestPathFilter.doFilter(ServletRequestPathFilter.java:52) ~[spring-web-7.0.7.jar:7.0.7]
	at org.springframework.web.filter.CompositeFilter$VirtualFilterChain.doFilter(CompositeFilter.java:113) ~[spring-web-7.0.7.jar:7.0.7]
	at org.springframework.web.filter.CompositeFilter.doFilter(CompositeFilter.java:74) ~[spring-web-7.0.7.jar:7.0.7]
	at org.springframework.security.config.annotation.web.configuration.WebSecurityConfiguration$CompositeFilterChainProxy.doFilter(WebSecurityConfiguration.java:317) ~[spring-security-config-7.0.5.jar:7.0.5]
	at org.springframework.web.filter.DelegatingFilterProxy.invokeDelegate(DelegatingFilterProxy.java:355) ~[spring-web-7.0.7.jar:7.0.7]
	at org.springframework.web.filter.DelegatingFilterProxy.doFilter(DelegatingFilterProxy.java:272) ~[spring-web-7.0.7.jar:7.0.7]
	at org.apache.catalina.core.ApplicationFilterChain.doFilter(ApplicationFilterChain.java:107) ~[tomcat-embed-core-11.0.21.jar:11.0.21]
	at org.springframework.web.filter.RequestContextFilter.doFilterInternal(RequestContextFilter.java:100) ~[spring-web-7.0.7.jar:7.0.7]
	at org.springframework.web.filter.OncePerRequestFilter.doFilter(OncePerRequestFilter.java:116) ~[spring-web-7.0.7.jar:7.0.7]
	at org.apache.catalina.core.ApplicationFilterChain.doFilter(ApplicationFilterChain.java:107) ~[tomcat-embed-core-11.0.21.jar:11.0.21]
	at org.springframework.web.filter.FormContentFilter.doFilterInternal(FormContentFilter.java:93) ~[spring-web-7.0.7.jar:7.0.7]
	at org.springframework.web.filter.OncePerRequestFilter.doFilter(OncePerRequestFilter.java:116) ~[spring-web-7.0.7.jar:7.0.7]
	at org.apache.catalina.core.ApplicationFilterChain.doFilter(ApplicationFilterChain.java:107) ~[tomcat-embed-core-11.0.21.jar:11.0.21]
	at org.springframework.web.filter.CharacterEncodingFilter.doFilterInternal(CharacterEncodingFilter.java:199) ~[spring-web-7.0.7.jar:7.0.7]
	at org.springframework.web.filter.OncePerRequestFilter.doFilter(OncePerRequestFilter.java:116) ~[spring-web-7.0.7.jar:7.0.7]
	at org.apache.catalina.core.ApplicationFilterChain.doFilter(ApplicationFilterChain.java:107) ~[tomcat-embed-core-11.0.21.jar:11.0.21]
	at org.apache.catalina.core.StandardWrapperValve.invoke(StandardWrapperValve.java:165) ~[tomcat-embed-core-11.0.21.jar:11.0.21]
	at org.apache.catalina.core.StandardContextValve.invoke(StandardContextValve.java:77) ~[tomcat-embed-core-11.0.21.jar:11.0.21]
	at org.apache.catalina.authenticator.AuthenticatorBase.invoke(AuthenticatorBase.java:492) ~[tomcat-embed-core-11.0.21.jar:11.0.21]
	at org.apache.catalina.core.StandardHostValve.invoke(StandardHostValve.java:113) ~[tomcat-embed-core-11.0.21.jar:11.0.21]
	at org.apache.catalina.valves.ErrorReportValve.invoke(ErrorReportValve.java:83) ~[tomcat-embed-core-11.0.21.jar:11.0.21]
	at org.apache.catalina.core.StandardEngineValve.invoke(StandardEngineValve.java:72) ~[tomcat-embed-core-11.0.21.jar:11.0.21]
	at org.apache.catalina.connector.CoyoteAdapter.service(CoyoteAdapter.java:341) ~[tomcat-embed-core-11.0.21.jar:11.0.21]
	at org.apache.coyote.http11.Http11Processor.service(Http11Processor.java:397) ~[tomcat-embed-core-11.0.21.jar:11.0.21]
	at org.apache.coyote.AbstractProcessorLight.process(AbstractProcessorLight.java:63) ~[tomcat-embed-core-11.0.21.jar:11.0.21]
	at org.apache.coyote.AbstractProtocol$ConnectionHandler.process(AbstractProtocol.java:903) ~[tomcat-embed-core-11.0.21.jar:11.0.21]
	at org.apache.tomcat.util.net.NioEndpoint$SocketProcessor.doRun(NioEndpoint.java:1801) ~[tomcat-embed-core-11.0.21.jar:11.0.21]
	at org.apache.tomcat.util.net.SocketProcessorBase.run(SocketProcessorBase.java:52) ~[tomcat-embed-core-11.0.21.jar:11.0.21]
	at org.apache.tomcat.util.threads.ThreadPoolExecutor.runWorker(ThreadPoolExecutor.java:946) ~[tomcat-embed-core-11.0.21.jar:11.0.21]
	at org.apache.tomcat.util.threads.ThreadPoolExecutor$Worker.run(ThreadPoolExecutor.java:480) ~[tomcat-embed-core-11.0.21.jar:11.0.21]
	at org.apache.tomcat.util.threads.TaskThread$WrappingRunnable.run(TaskThread.java:57) ~[tomcat-embed-core-11.0.21.jar:11.0.21]
	at java.base/java.lang.Thread.run(Thread.java:1583) ~[na:na]

2026-09-09T08:53:09.446-03:00 TRACE 17196 --- [projetonsei] [http-nio-8080-exec-1] o.s.s.w.header.writers.HstsHeaderWriter  : Not injecting HSTS header since it did not match request to [Is Secure]
2026-09-09T08:53:17.376-03:00 TRACE 17196 --- [projetonsei] [http-nio-8080-exec-2] o.s.security.web.FilterChainProxy        : Trying to match request against DefaultSecurityFilterChain matching [PathPattern [/v2/api-docs/**]] and having filters [] (1/7)
2026-09-09T08:53:17.376-03:00 TRACE 17196 --- [projetonsei] [http-nio-8080-exec-2] o.s.security.web.FilterChainProxy        : Trying to match request against DefaultSecurityFilterChain matching [PathPattern [/v3/api-docs/**]] and having filters [] (2/7)
2026-09-09T08:53:17.376-03:00 TRACE 17196 --- [projetonsei] [http-nio-8080-exec-2] o.s.security.web.FilterChainProxy        : Trying to match request against DefaultSecurityFilterChain matching [PathPattern [/swagger-resources/**]] and having filters [] (3/7)
2026-09-09T08:53:17.376-03:00 TRACE 17196 --- [projetonsei] [http-nio-8080-exec-2] o.s.security.web.FilterChainProxy        : Trying to match request against DefaultSecurityFilterChain matching [PathPattern [/swagger-ui.html]] and having filters [] (4/7)
2026-09-09T08:53:17.376-03:00 TRACE 17196 --- [projetonsei] [http-nio-8080-exec-2] o.s.security.web.FilterChainProxy        : Trying to match request against DefaultSecurityFilterChain matching [PathPattern [/swagger-ui/**]] and having filters [] (5/7)
2026-09-09T08:53:17.376-03:00 TRACE 17196 --- [projetonsei] [http-nio-8080-exec-2] o.s.security.web.FilterChainProxy        : Trying to match request against DefaultSecurityFilterChain matching [PathPattern [/webjars/**]] and having filters [] (6/7)
2026-09-09T08:53:17.376-03:00 TRACE 17196 --- [projetonsei] [http-nio-8080-exec-2] o.s.security.web.FilterChainProxy        : Trying to match request against DefaultSecurityFilterChain defined as 'securityFilterChain' in [class path resource [io/github/henrique0120/projetonsei/config/SecurityConfiguration.class]] matching [any request] and having filters [DisableEncodeUrl, WebAsyncManagerIntegration, SecurityContextHolder, HeaderWriter, Logout, JwtAuthentication, RequestCacheAware, SecurityContextHolderAwareRequest, AnonymousAuthentication, SessionManagement, ExceptionTranslation, Authorization] (7/7)
2026-09-09T08:53:17.378-03:00 DEBUG 17196 --- [projetonsei] [http-nio-8080-exec-2] o.s.security.web.FilterChainProxy        : Securing POST /auth/login
2026-09-09T08:53:17.378-03:00 TRACE 17196 --- [projetonsei] [http-nio-8080-exec-2] o.s.security.web.FilterChainProxy        : Invoking DisableEncodeUrlFilter (1/12)
2026-09-09T08:53:17.378-03:00 TRACE 17196 --- [projetonsei] [http-nio-8080-exec-2] o.s.security.web.FilterChainProxy        : Invoking WebAsyncManagerIntegrationFilter (2/12)
2026-09-09T08:53:17.378-03:00 TRACE 17196 --- [projetonsei] [http-nio-8080-exec-2] o.s.security.web.FilterChainProxy        : Invoking SecurityContextHolderFilter (3/12)
2026-09-09T08:53:17.378-03:00 TRACE 17196 --- [projetonsei] [http-nio-8080-exec-2] o.s.security.web.FilterChainProxy        : Invoking HeaderWriterFilter (4/12)
2026-09-09T08:53:17.378-03:00 TRACE 17196 --- [projetonsei] [http-nio-8080-exec-2] o.s.security.web.FilterChainProxy        : Invoking LogoutFilter (5/12)
2026-09-09T08:53:17.378-03:00 TRACE 17196 --- [projetonsei] [http-nio-8080-exec-2] o.s.s.w.a.logout.LogoutFilter            : Did not match request to Or [PathPattern [GET /logout], PathPattern [POST /logout], PathPattern [PUT /logout], PathPattern [DELETE /logout]]
2026-09-09T08:53:17.380-03:00 TRACE 17196 --- [projetonsei] [http-nio-8080-exec-2] o.s.security.web.FilterChainProxy        : Invoking JwtAuthenticationFilter (6/12)
2026-09-09T08:53:17.380-03:00 TRACE 17196 --- [projetonsei] [http-nio-8080-exec-2] o.s.security.web.FilterChainProxy        : Invoking RequestCacheAwareFilter (7/12)
2026-09-09T08:53:17.380-03:00 TRACE 17196 --- [projetonsei] [http-nio-8080-exec-2] o.s.security.web.FilterChainProxy        : Invoking SecurityContextHolderAwareRequestFilter (8/12)
2026-09-09T08:53:17.380-03:00 TRACE 17196 --- [projetonsei] [http-nio-8080-exec-2] o.s.security.web.FilterChainProxy        : Invoking AnonymousAuthenticationFilter (9/12)
2026-09-09T08:53:17.380-03:00 TRACE 17196 --- [projetonsei] [http-nio-8080-exec-2] o.s.security.web.FilterChainProxy        : Invoking SessionManagementFilter (10/12)
2026-09-09T08:53:17.380-03:00 TRACE 17196 --- [projetonsei] [http-nio-8080-exec-2] .s.s.w.c.SupplierDeferredSecurityContext : Created SecurityContextImpl [Null authentication]
2026-09-09T08:53:17.380-03:00 TRACE 17196 --- [projetonsei] [http-nio-8080-exec-2] o.s.s.w.a.AnonymousAuthenticationFilter  : Set SecurityContextHolder to AnonymousAuthenticationToken [Principal=anonymousUser, Credentials=[PROTECTED], Authenticated=true, Details=WebAuthenticationDetails [RemoteIpAddress=0:0:0:0:0:0:0:1, SessionId=null], Granted Authorities=[ROLE_ANONYMOUS]]
2026-09-09T08:53:17.380-03:00 TRACE 17196 --- [projetonsei] [http-nio-8080-exec-2] o.s.security.web.FilterChainProxy        : Invoking ExceptionTranslationFilter (11/12)
2026-09-09T08:53:17.380-03:00 TRACE 17196 --- [projetonsei] [http-nio-8080-exec-2] o.s.security.web.FilterChainProxy        : Invoking AuthorizationFilter (12/12)
2026-09-09T08:53:17.380-03:00 TRACE 17196 --- [projetonsei] [http-nio-8080-exec-2] estMatcherDelegatingAuthorizationManager : Authorizing POST /auth/login
2026-09-09T08:53:17.384-03:00 TRACE 17196 --- [projetonsei] [http-nio-8080-exec-2] estMatcherDelegatingAuthorizationManager : Checking authorization on POST /auth/login using org.springframework.security.authorization.SingleResultAuthorizationManager@704e9ce7
2026-09-09T08:53:17.384-03:00 DEBUG 17196 --- [projetonsei] [http-nio-8080-exec-2] o.s.security.web.FilterChainProxy        : Secured POST /auth/login
2026-09-09T08:53:17.388-03:00 DEBUG 17196 --- [projetonsei] [http-nio-8080-exec-2] o.s.web.servlet.DispatcherServlet        : POST "/auth/login", parameters={}
2026-09-09T08:53:17.403-03:00 DEBUG 17196 --- [projetonsei] [http-nio-8080-exec-2] s.w.s.m.m.a.RequestMappingHandlerMapping : Mapped to io.github.henrique0120.projetonsei.controller.AuthController#login(RequestAuthLoginDTO)
2026-09-09T08:53:17.598-03:00 DEBUG 17196 --- [projetonsei] [http-nio-8080-exec-2] m.m.a.RequestResponseBodyMethodProcessor : Read "application/json;charset=UTF-8" to [io.github.henrique0120.projetonsei.dto.request.RequestAuthLoginDTO@117d7c2]
2026-09-09T08:53:17.686-03:00 TRACE 17196 --- [projetonsei] [http-nio-8080-exec-2] o.s.s.authentication.ProviderManager     : Authenticating request with DaoAuthenticationProvider (1/1)
2026-09-09T08:53:18.412-03:00 DEBUG 17196 --- [projetonsei] [http-nio-8080-exec-2] o.s.s.a.dao.DaoAuthenticationProvider    : Authenticated user
2026-09-09T08:53:18.696-03:00 DEBUG 17196 --- [projetonsei] [http-nio-8080-exec-2] m.m.a.RequestResponseBodyMethodProcessor : Using 'application/json', given [*/*] and supported [application/json, application/*+json, application/yaml]
2026-09-09T08:53:18.696-03:00 DEBUG 17196 --- [projetonsei] [http-nio-8080-exec-2] m.m.a.RequestResponseBodyMethodProcessor : Writing [TokenResponseDTO[token=eyJhbGciOiJIUzUxMiJ9.eyJzdWIiOiJoZW5yaXF1ZUBlbWFpbC5jb20iLCJpYXQiOjE3ODg5NTQ3 (truncated)...]
2026-09-09T08:53:18.756-03:00 DEBUG 17196 --- [projetonsei] [http-nio-8080-exec-2] o.s.web.servlet.DispatcherServlet        : Completed 200 OK
2026-09-09T08:53:18.757-03:00 TRACE 17196 --- [projetonsei] [http-nio-8080-exec-2] o.s.s.w.header.writers.HstsHeaderWriter  : Not injecting HSTS header since it did not match request to [Is Secure]
2026-09-09T08:53:33.449-03:00 TRACE 17196 --- [projetonsei] [http-nio-8080-exec-3] o.s.security.web.FilterChainProxy        : Trying to match request against DefaultSecurityFilterChain matching [PathPattern [/v2/api-docs/**]] and having filters [] (1/7)
2026-09-09T08:53:33.455-03:00 TRACE 17196 --- [projetonsei] [http-nio-8080-exec-3] o.s.security.web.FilterChainProxy        : Trying to match request against DefaultSecurityFilterChain matching [PathPattern [/v3/api-docs/**]] and having filters [] (2/7)
2026-09-09T08:53:33.455-03:00 TRACE 17196 --- [projetonsei] [http-nio-8080-exec-3] o.s.security.web.FilterChainProxy        : Trying to match request against DefaultSecurityFilterChain matching [PathPattern [/swagger-resources/**]] and having filters [] (3/7)
2026-09-09T08:53:33.455-03:00 TRACE 17196 --- [projetonsei] [http-nio-8080-exec-3] o.s.security.web.FilterChainProxy        : Trying to match request against DefaultSecurityFilterChain matching [PathPattern [/swagger-ui.html]] and having filters [] (4/7)
2026-09-09T08:53:33.455-03:00 TRACE 17196 --- [projetonsei] [http-nio-8080-exec-3] o.s.security.web.FilterChainProxy        : Trying to match request against DefaultSecurityFilterChain matching [PathPattern [/swagger-ui/**]] and having filters [] (5/7)
2026-09-09T08:53:33.455-03:00 TRACE 17196 --- [projetonsei] [http-nio-8080-exec-3] o.s.security.web.FilterChainProxy        : Trying to match request against DefaultSecurityFilterChain matching [PathPattern [/webjars/**]] and having filters [] (6/7)
2026-09-09T08:53:33.455-03:00 TRACE 17196 --- [projetonsei] [http-nio-8080-exec-3] o.s.security.web.FilterChainProxy        : Trying to match request against DefaultSecurityFilterChain defined as 'securityFilterChain' in [class path resource [io/github/henrique0120/projetonsei/config/SecurityConfiguration.class]] matching [any request] and having filters [DisableEncodeUrl, WebAsyncManagerIntegration, SecurityContextHolder, HeaderWriter, Logout, JwtAuthentication, RequestCacheAware, SecurityContextHolderAwareRequest, AnonymousAuthentication, SessionManagement, ExceptionTranslation, Authorization] (7/7)
2026-09-09T08:53:33.455-03:00 DEBUG 17196 --- [projetonsei] [http-nio-8080-exec-3] o.s.security.web.FilterChainProxy        : Securing GET /AGR/cd04ae90-eb20-4a82-a2b0-ce17269b8524
2026-09-09T08:53:33.455-03:00 TRACE 17196 --- [projetonsei] [http-nio-8080-exec-3] o.s.security.web.FilterChainProxy        : Invoking DisableEncodeUrlFilter (1/12)
2026-09-09T08:53:33.455-03:00 TRACE 17196 --- [projetonsei] [http-nio-8080-exec-3] o.s.security.web.FilterChainProxy        : Invoking WebAsyncManagerIntegrationFilter (2/12)
2026-09-09T08:53:33.455-03:00 TRACE 17196 --- [projetonsei] [http-nio-8080-exec-3] o.s.security.web.FilterChainProxy        : Invoking SecurityContextHolderFilter (3/12)
2026-09-09T08:53:33.455-03:00 TRACE 17196 --- [projetonsei] [http-nio-8080-exec-3] o.s.security.web.FilterChainProxy        : Invoking HeaderWriterFilter (4/12)
2026-09-09T08:53:33.455-03:00 TRACE 17196 --- [projetonsei] [http-nio-8080-exec-3] o.s.security.web.FilterChainProxy        : Invoking LogoutFilter (5/12)
2026-09-09T08:53:33.455-03:00 TRACE 17196 --- [projetonsei] [http-nio-8080-exec-3] o.s.s.w.a.logout.LogoutFilter            : Did not match request to Or [PathPattern [GET /logout], PathPattern [POST /logout], PathPattern [PUT /logout], PathPattern [DELETE /logout]]
2026-09-09T08:53:33.455-03:00 TRACE 17196 --- [projetonsei] [http-nio-8080-exec-3] o.s.security.web.FilterChainProxy        : Invoking JwtAuthenticationFilter (6/12)
2026-09-09T08:53:33.681-03:00 TRACE 17196 --- [projetonsei] [http-nio-8080-exec-3] .s.s.w.c.SupplierDeferredSecurityContext : Created SecurityContextImpl [Null authentication]
2026-09-09T08:53:33.681-03:00 TRACE 17196 --- [projetonsei] [http-nio-8080-exec-3] o.s.security.web.FilterChainProxy        : Invoking RequestCacheAwareFilter (7/12)
2026-09-09T08:53:33.682-03:00 TRACE 17196 --- [projetonsei] [http-nio-8080-exec-3] o.s.security.web.FilterChainProxy        : Invoking SecurityContextHolderAwareRequestFilter (8/12)
2026-09-09T08:53:33.682-03:00 TRACE 17196 --- [projetonsei] [http-nio-8080-exec-3] o.s.security.web.FilterChainProxy        : Invoking AnonymousAuthenticationFilter (9/12)
2026-09-09T08:53:33.682-03:00 TRACE 17196 --- [projetonsei] [http-nio-8080-exec-3] o.s.security.web.FilterChainProxy        : Invoking SessionManagementFilter (10/12)
2026-09-09T08:53:33.683-03:00 TRACE 17196 --- [projetonsei] [http-nio-8080-exec-3] o.s.s.w.a.AnonymousAuthenticationFilter  : Did not set SecurityContextHolder since already authenticated UsernamePasswordAuthenticationToken [Principal=io.github.henrique0120.projetonsei.model.Users@39815c4, Credentials=[PROTECTED], Authenticated=true, Details=null, Granted Authorities=[Roles(id=20058d54-6c91-42c3-a3ca-87616feb4bf9, name=ROLE_SUPORTE)]]
2026-09-09T08:53:33.684-03:00 TRACE 17196 --- [projetonsei] [http-nio-8080-exec-3] s.CompositeSessionAuthenticationStrategy : Preparing session with ChangeSessionIdAuthenticationStrategy (1/1)
2026-09-09T08:53:33.684-03:00 TRACE 17196 --- [projetonsei] [http-nio-8080-exec-3] o.s.security.web.FilterChainProxy        : Invoking ExceptionTranslationFilter (11/12)
2026-09-09T08:53:33.684-03:00 TRACE 17196 --- [projetonsei] [http-nio-8080-exec-3] o.s.security.web.FilterChainProxy        : Invoking AuthorizationFilter (12/12)
2026-09-09T08:53:33.684-03:00 TRACE 17196 --- [projetonsei] [http-nio-8080-exec-3] estMatcherDelegatingAuthorizationManager : Authorizing GET /AGR/cd04ae90-eb20-4a82-a2b0-ce17269b8524
2026-09-09T08:53:33.685-03:00 TRACE 17196 --- [projetonsei] [http-nio-8080-exec-3] estMatcherDelegatingAuthorizationManager : Checking authorization on GET /AGR/cd04ae90-eb20-4a82-a2b0-ce17269b8524 using org.springframework.security.authorization.AuthenticatedAuthorizationManager@6f81b33c
2026-09-09T08:53:33.685-03:00 DEBUG 17196 --- [projetonsei] [http-nio-8080-exec-3] o.s.security.web.FilterChainProxy        : Secured GET /AGR/cd04ae90-eb20-4a82-a2b0-ce17269b8524
2026-09-09T08:53:33.685-03:00 DEBUG 17196 --- [projetonsei] [http-nio-8080-exec-3] o.s.web.servlet.DispatcherServlet        : GET "/AGR/cd04ae90-eb20-4a82-a2b0-ce17269b8524", parameters={}
2026-09-09T08:53:33.686-03:00 DEBUG 17196 --- [projetonsei] [http-nio-8080-exec-3] s.w.s.m.m.a.RequestMappingHandlerMapping : Mapped to io.github.henrique0120.projetonsei.controller.AGRController#findAGR(UUID)
2026-09-09T08:53:33.690-03:00 DEBUG 17196 --- [projetonsei] [http-nio-8080-exec-3] horizationManagerBeforeMethodInterceptor : Authorizing method invocation ReflectiveMethodInvocation: public org.springframework.http.ResponseEntity io.github.henrique0120.projetonsei.controller.AGRController.findAGR(java.util.UUID); target is of class [io.github.henrique0120.projetonsei.controller.AGRController]
2026-09-09T08:53:33.708-03:00 DEBUG 17196 --- [projetonsei] [http-nio-8080-exec-3] horizationManagerBeforeMethodInterceptor : Authorized method invocation ReflectiveMethodInvocation: public org.springframework.http.ResponseEntity io.github.henrique0120.projetonsei.controller.AGRController.findAGR(java.util.UUID); target is of class [io.github.henrique0120.projetonsei.controller.AGRController]
2026-09-09T08:53:33.760-03:00 DEBUG 17196 --- [projetonsei] [http-nio-8080-exec-3] o.s.w.s.m.m.a.HttpEntityMethodProcessor  : Using 'application/json', given [*/*] and supported [application/json, application/*+json, application/yaml]
2026-09-09T08:53:33.760-03:00 DEBUG 17196 --- [projetonsei] [http-nio-8080-exec-3] o.s.w.s.m.m.a.HttpEntityMethodProcessor  : Writing [Optional[AGR(id=cd04ae90-eb20-4a82-a2b0-ce17269b8524, cpf=46696939059, name=Maria, email=Maria@email (truncated)...]
2026-09-09T08:53:33.792-03:00 TRACE 17196 --- [projetonsei] [http-nio-8080-exec-3] o.s.s.w.header.writers.HstsHeaderWriter  : Not injecting HSTS header since it did not match request to [Is Secure]
2026-09-09T08:53:33.794-03:00 DEBUG 17196 --- [projetonsei] [http-nio-8080-exec-3] o.s.web.servlet.DispatcherServlet        : Completed 200 OK
2026-09-09T09:01:25.828-03:00  INFO 27712 --- [projetonsei] [restartedMain] i.g.h.projetonsei.Application            : Starting Application using Java 21.0.12.1 with PID 27712 (C:\Users\Henrique Souza\Desktop\spring\projetonsei\target\classes started by Henrique Souza in C:\Users\Henrique Souza\Desktop\spring\projetonsei)
2026-09-09T09:01:25.843-03:00  INFO 27712 --- [projetonsei] [restartedMain] i.g.h.projetonsei.Application            : No active profile set, falling back to 1 default profile: "default"
2026-09-09T09:01:48.010-03:00 TRACE 27712 --- [projetonsei] [restartedMain] eGlobalAuthenticationAutowiredConfigurer : Eagerly initializing {securityConfiguration=io.github.henrique0120.projetonsei.config.SecurityConfiguration$$SpringCGLIB$$0@92a757}
2026-09-09T09:01:48.045-03:00  INFO 27712 --- [projetonsei] [restartedMain] r$InitializeUserDetailsManagerConfigurer : Global AuthenticationManager configured with UserDetailsService bean with name userDetailsServiceImpl
2026-09-09T09:01:49.516-03:00  WARN 27712 --- [projetonsei] [restartedMain] JpaBaseConfiguration$JpaWebConfiguration : spring.jpa.open-in-view is enabled by default. Therefore, database queries may be performed during view rendering. Explicitly configure spring.jpa.open-in-view to disable this warning
2026-09-09T09:01:50.457-03:00 DEBUG 27712 --- [projetonsei] [restartedMain] o.s.s.web.DefaultSecurityFilterChain     : Will secure any request with filters: DisableEncodeUrlFilter, WebAsyncManagerIntegrationFilter, SecurityContextHolderFilter, HeaderWriterFilter, LogoutFilter, JwtAuthenticationFilter, RequestCacheAwareFilter, SecurityContextHolderAwareRequestFilter, AnonymousAuthenticationFilter, SessionManagementFilter, ExceptionTranslationFilter, AuthorizationFilter
2026-09-09T09:01:50.482-03:00  WARN 27712 --- [projetonsei] [restartedMain] o.s.s.c.a.web.builders.WebSecurity       : You are asking Spring Security to ignore PathPattern [/v2/api-docs/**]. This is not recommended -- please use permitAll via HttpSecurity#authorizeHttpRequests instead.
2026-09-09T09:01:50.483-03:00 DEBUG 27712 --- [projetonsei] [restartedMain] o.s.s.web.DefaultSecurityFilterChain     : Will not secure PathPattern [/v2/api-docs/**]
2026-09-09T09:01:50.483-03:00  WARN 27712 --- [projetonsei] [restartedMain] o.s.s.c.a.web.builders.WebSecurity       : You are asking Spring Security to ignore PathPattern [/v3/api-docs/**]. This is not recommended -- please use permitAll via HttpSecurity#authorizeHttpRequests instead.
2026-09-09T09:01:50.483-03:00 DEBUG 27712 --- [projetonsei] [restartedMain] o.s.s.web.DefaultSecurityFilterChain     : Will not secure PathPattern [/v3/api-docs/**]
2026-09-09T09:01:50.484-03:00  WARN 27712 --- [projetonsei] [restartedMain] o.s.s.c.a.web.builders.WebSecurity       : You are asking Spring Security to ignore PathPattern [/swagger-resources/**]. This is not recommended -- please use permitAll via HttpSecurity#authorizeHttpRequests instead.
2026-09-09T09:01:50.485-03:00 DEBUG 27712 --- [projetonsei] [restartedMain] o.s.s.web.DefaultSecurityFilterChain     : Will not secure PathPattern [/swagger-resources/**]
2026-09-09T09:01:50.485-03:00  WARN 27712 --- [projetonsei] [restartedMain] o.s.s.c.a.web.builders.WebSecurity       : You are asking Spring Security to ignore PathPattern [/swagger-ui.html]. This is not recommended -- please use permitAll via HttpSecurity#authorizeHttpRequests instead.
2026-09-09T09:01:50.485-03:00 DEBUG 27712 --- [projetonsei] [restartedMain] o.s.s.web.DefaultSecurityFilterChain     : Will not secure PathPattern [/swagger-ui.html]
2026-09-09T09:01:50.486-03:00  WARN 27712 --- [projetonsei] [restartedMain] o.s.s.c.a.web.builders.WebSecurity       : You are asking Spring Security to ignore PathPattern [/swagger-ui/**]. This is not recommended -- please use permitAll via HttpSecurity#authorizeHttpRequests instead.
2026-09-09T09:01:50.486-03:00 DEBUG 27712 --- [projetonsei] [restartedMain] o.s.s.web.DefaultSecurityFilterChain     : Will not secure PathPattern [/swagger-ui/**]
2026-09-09T09:01:50.487-03:00  WARN 27712 --- [projetonsei] [restartedMain] o.s.s.c.a.web.builders.WebSecurity       : You are asking Spring Security to ignore PathPattern [/webjars/**]. This is not recommended -- please use permitAll via HttpSecurity#authorizeHttpRequests instead.
2026-09-09T09:01:50.487-03:00 DEBUG 27712 --- [projetonsei] [restartedMain] o.s.s.web.DefaultSecurityFilterChain     : Will not secure PathPattern [/webjars/**]
2026-09-09T09:01:51.176-03:00 DEBUG 27712 --- [projetonsei] [restartedMain] s.w.s.m.m.a.RequestMappingHandlerMapping : 18 mappings in 'requestMappingHandlerMapping'
2026-09-09T09:01:51.389-03:00 DEBUG 27712 --- [projetonsei] [restartedMain] o.s.w.s.handler.SimpleUrlHandlerMapping  : Patterns [/webjars/**, /**, /swagger-ui/**, /swagger-ui/*index.html, /swagger-ui/*swagger-initializer.js, /webjars/*swagger-ui/**, /webjars/*swagger-ui/*index.html, /webjars/*swagger-ui/5.32.11/*index.html, /webjars/*swagger-ui/*swagger-initializer.js, /webjars/*swagger-ui/5.32.11/*swagger-initializer.js] in 'resourceHandlerMapping'
2026-09-09T09:01:51.502-03:00 DEBUG 27712 --- [projetonsei] [restartedMain] s.w.s.m.m.a.RequestMappingHandlerAdapter : ControllerAdvice beans: 0 @ModelAttribute, 0 @InitBinder, 2 RequestBodyAdvice, 1 ResponseBodyAdvice
2026-09-09T09:01:51.807-03:00 DEBUG 27712 --- [projetonsei] [restartedMain] .m.m.a.ExceptionHandlerExceptionResolver : ControllerAdvice beans: 2 @ExceptionHandler, 1 ResponseBodyAdvice
2026-09-09T09:01:54.094-03:00  INFO 27712 --- [projetonsei] [restartedMain] i.g.h.projetonsei.Application            : Started Application in 30.26 seconds (process running for 32.072)
2026-09-09T09:01:54.102-03:00  WARN 27712 --- [projetonsei] [restartedMain] o.s.core.events.SpringDocAppInitializer  : SpringDoc /v3/api-docs endpoint is enabled by default. To disable it in production, set the property 'springdoc.api-docs.enabled=false'
2026-09-09T09:01:54.103-03:00  WARN 27712 --- [projetonsei] [restartedMain] o.s.core.events.SpringDocAppInitializer  : SpringDoc /swagger-ui.html endpoint is enabled by default. To disable it in production, set the property 'springdoc.swagger-ui.enabled=false'
2026-09-09T09:02:04.564-03:00  INFO 27712 --- [projetonsei] [http-nio-8080-exec-2] o.s.web.servlet.DispatcherServlet        : Initializing Servlet 'dispatcherServlet'
2026-09-09T09:02:04.568-03:00 DEBUG 27712 --- [projetonsei] [http-nio-8080-exec-2] o.s.web.servlet.DispatcherServlet        : Detected StandardServletMultipartResolver
2026-09-09T09:02:04.570-03:00 DEBUG 27712 --- [projetonsei] [http-nio-8080-exec-2] o.s.web.servlet.DispatcherServlet        : Detected AcceptHeaderLocaleResolver
2026-09-09T09:02:04.581-03:00 DEBUG 27712 --- [projetonsei] [http-nio-8080-exec-2] o.s.web.servlet.DispatcherServlet        : Detected org.springframework.web.servlet.view.DefaultRequestToViewNameTranslator@765b85b1
2026-09-09T09:02:04.584-03:00 DEBUG 27712 --- [projetonsei] [http-nio-8080-exec-2] o.s.web.servlet.DispatcherServlet        : Detected org.springframework.web.servlet.support.SessionFlashMapManager@63a7cd7a
2026-09-09T09:02:04.584-03:00 DEBUG 27712 --- [projetonsei] [http-nio-8080-exec-2] o.s.web.servlet.DispatcherServlet        : enableLoggingRequestDetails='false': request parameters and headers will be masked to prevent unsafe logging of potentially sensitive data
2026-09-09T09:02:04.585-03:00  INFO 27712 --- [projetonsei] [http-nio-8080-exec-2] o.s.web.servlet.DispatcherServlet        : Completed initialization in 17 ms
2026-09-09T09:02:04.668-03:00 TRACE 27712 --- [projetonsei] [http-nio-8080-exec-2] o.s.security.web.FilterChainProxy        : Trying to match request against DefaultSecurityFilterChain matching [PathPattern [/v2/api-docs/**]] and having filters [] (1/7)
2026-09-09T09:02:04.673-03:00 TRACE 27712 --- [projetonsei] [http-nio-8080-exec-2] o.s.security.web.FilterChainProxy        : Trying to match request against DefaultSecurityFilterChain matching [PathPattern [/v3/api-docs/**]] and having filters [] (2/7)
2026-09-09T09:02:04.674-03:00 TRACE 27712 --- [projetonsei] [http-nio-8080-exec-2] o.s.security.web.FilterChainProxy        : Trying to match request against DefaultSecurityFilterChain matching [PathPattern [/swagger-resources/**]] and having filters [] (3/7)
2026-09-09T09:02:04.674-03:00 TRACE 27712 --- [projetonsei] [http-nio-8080-exec-2] o.s.security.web.FilterChainProxy        : Trying to match request against DefaultSecurityFilterChain matching [PathPattern [/swagger-ui.html]] and having filters [] (4/7)
2026-09-09T09:02:04.675-03:00 TRACE 27712 --- [projetonsei] [http-nio-8080-exec-2] o.s.security.web.FilterChainProxy        : Trying to match request against DefaultSecurityFilterChain matching [PathPattern [/swagger-ui/**]] and having filters [] (5/7)
2026-09-09T09:02:04.675-03:00 TRACE 27712 --- [projetonsei] [http-nio-8080-exec-2] o.s.security.web.FilterChainProxy        : Trying to match request against DefaultSecurityFilterChain matching [PathPattern [/webjars/**]] and having filters [] (6/7)
2026-09-09T09:02:04.676-03:00 TRACE 27712 --- [projetonsei] [http-nio-8080-exec-2] o.s.security.web.FilterChainProxy        : Trying to match request against DefaultSecurityFilterChain defined as 'securityFilterChain' in [class path resource [io/github/henrique0120/projetonsei/config/SecurityConfiguration.class]] matching [any request] and having filters [DisableEncodeUrl, WebAsyncManagerIntegration, SecurityContextHolder, HeaderWriter, Logout, JwtAuthentication, RequestCacheAware, SecurityContextHolderAwareRequest, AnonymousAuthentication, SessionManagement, ExceptionTranslation, Authorization] (7/7)
2026-09-09T09:02:04.677-03:00 DEBUG 27712 --- [projetonsei] [http-nio-8080-exec-2] o.s.security.web.FilterChainProxy        : Securing POST /auth/login
2026-09-09T09:02:04.679-03:00 TRACE 27712 --- [projetonsei] [http-nio-8080-exec-2] o.s.security.web.FilterChainProxy        : Invoking DisableEncodeUrlFilter (1/12)
2026-09-09T09:02:04.681-03:00 TRACE 27712 --- [projetonsei] [http-nio-8080-exec-2] o.s.security.web.FilterChainProxy        : Invoking WebAsyncManagerIntegrationFilter (2/12)
2026-09-09T09:02:04.694-03:00 TRACE 27712 --- [projetonsei] [http-nio-8080-exec-2] o.s.security.web.FilterChainProxy        : Invoking SecurityContextHolderFilter (3/12)
2026-09-09T09:02:04.697-03:00 TRACE 27712 --- [projetonsei] [http-nio-8080-exec-2] o.s.security.web.FilterChainProxy        : Invoking HeaderWriterFilter (4/12)
2026-09-09T09:02:04.713-03:00 TRACE 27712 --- [projetonsei] [http-nio-8080-exec-2] o.s.security.web.FilterChainProxy        : Invoking LogoutFilter (5/12)
2026-09-09T09:02:04.716-03:00 TRACE 27712 --- [projetonsei] [http-nio-8080-exec-2] o.s.s.w.a.logout.LogoutFilter            : Did not match request to Or [PathPattern [GET /logout], PathPattern [POST /logout], PathPattern [PUT /logout], PathPattern [DELETE /logout]]
2026-09-09T09:02:04.717-03:00 TRACE 27712 --- [projetonsei] [http-nio-8080-exec-2] o.s.security.web.FilterChainProxy        : Invoking JwtAuthenticationFilter (6/12)
2026-09-09T09:02:04.722-03:00 TRACE 27712 --- [projetonsei] [http-nio-8080-exec-2] o.s.security.web.FilterChainProxy        : Invoking RequestCacheAwareFilter (7/12)
2026-09-09T09:02:04.732-03:00 TRACE 27712 --- [projetonsei] [http-nio-8080-exec-2] o.s.security.web.FilterChainProxy        : Invoking SecurityContextHolderAwareRequestFilter (8/12)
2026-09-09T09:02:04.741-03:00 TRACE 27712 --- [projetonsei] [http-nio-8080-exec-2] o.s.security.web.FilterChainProxy        : Invoking AnonymousAuthenticationFilter (9/12)
2026-09-09T09:02:04.742-03:00 TRACE 27712 --- [projetonsei] [http-nio-8080-exec-2] o.s.security.web.FilterChainProxy        : Invoking SessionManagementFilter (10/12)
2026-09-09T09:02:04.743-03:00 TRACE 27712 --- [projetonsei] [http-nio-8080-exec-2] .s.s.w.c.SupplierDeferredSecurityContext : Created SecurityContextImpl [Null authentication]
2026-09-09T09:02:04.745-03:00 TRACE 27712 --- [projetonsei] [http-nio-8080-exec-2] o.s.s.w.a.AnonymousAuthenticationFilter  : Set SecurityContextHolder to AnonymousAuthenticationToken [Principal=anonymousUser, Credentials=[PROTECTED], Authenticated=true, Details=WebAuthenticationDetails [RemoteIpAddress=0:0:0:0:0:0:0:1, SessionId=null], Granted Authorities=[ROLE_ANONYMOUS]]
2026-09-09T09:02:04.747-03:00 TRACE 27712 --- [projetonsei] [http-nio-8080-exec-2] o.s.security.web.FilterChainProxy        : Invoking ExceptionTranslationFilter (11/12)
2026-09-09T09:02:04.747-03:00 TRACE 27712 --- [projetonsei] [http-nio-8080-exec-2] o.s.security.web.FilterChainProxy        : Invoking AuthorizationFilter (12/12)
2026-09-09T09:02:04.751-03:00 TRACE 27712 --- [projetonsei] [http-nio-8080-exec-2] estMatcherDelegatingAuthorizationManager : Authorizing POST /auth/login
2026-09-09T09:02:04.758-03:00 TRACE 27712 --- [projetonsei] [http-nio-8080-exec-2] estMatcherDelegatingAuthorizationManager : Checking authorization on POST /auth/login using org.springframework.security.authorization.SingleResultAuthorizationManager@76edccb0
2026-09-09T09:02:04.763-03:00 DEBUG 27712 --- [projetonsei] [http-nio-8080-exec-2] o.s.security.web.FilterChainProxy        : Secured POST /auth/login
2026-09-09T09:02:04.809-03:00 DEBUG 27712 --- [projetonsei] [http-nio-8080-exec-2] o.s.web.servlet.DispatcherServlet        : POST "/auth/login", parameters={}
2026-09-09T09:02:04.886-03:00 DEBUG 27712 --- [projetonsei] [http-nio-8080-exec-2] s.w.s.m.m.a.RequestMappingHandlerMapping : Mapped to io.github.henrique0120.projetonsei.controller.AuthController#login(RequestAuthLoginDTO)
2026-09-09T09:02:05.726-03:00 DEBUG 27712 --- [projetonsei] [http-nio-8080-exec-2] m.m.a.RequestResponseBodyMethodProcessor : Read "application/json;charset=UTF-8" to [io.github.henrique0120.projetonsei.dto.request.RequestAuthLoginDTO@567de8c7]
2026-09-09T09:02:06.080-03:00 TRACE 27712 --- [projetonsei] [http-nio-8080-exec-2] o.s.s.authentication.ProviderManager     : Authenticating request with DaoAuthenticationProvider (1/1)
2026-09-09T09:02:07.362-03:00 DEBUG 27712 --- [projetonsei] [http-nio-8080-exec-2] o.s.s.a.dao.DaoAuthenticationProvider    : Authenticated user
2026-09-09T09:02:08.083-03:00 DEBUG 27712 --- [projetonsei] [http-nio-8080-exec-2] m.m.a.RequestResponseBodyMethodProcessor : Using 'application/json', given [*/*] and supported [application/json, application/*+json, application/yaml]
2026-09-09T09:02:08.098-03:00 DEBUG 27712 --- [projetonsei] [http-nio-8080-exec-2] m.m.a.RequestResponseBodyMethodProcessor : Writing [TokenResponseDTO[token=eyJhbGciOiJIUzUxMiJ9.eyJzdWIiOiJoZW5yaXF1ZUBlbWFpbC5jb20iLCJpYXQiOjE3ODg5NTUz (truncated)...]
2026-09-09T09:02:08.178-03:00 DEBUG 27712 --- [projetonsei] [http-nio-8080-exec-2] o.s.web.servlet.DispatcherServlet        : Completed 200 OK
2026-09-09T09:02:08.180-03:00 TRACE 27712 --- [projetonsei] [http-nio-8080-exec-2] o.s.s.w.header.writers.HstsHeaderWriter  : Not injecting HSTS header since it did not match request to [Is Secure]
2026-09-09T09:02:21.339-03:00 TRACE 27712 --- [projetonsei] [http-nio-8080-exec-3] o.s.security.web.FilterChainProxy        : Trying to match request against DefaultSecurityFilterChain matching [PathPattern [/v2/api-docs/**]] and having filters [] (1/7)
2026-09-09T09:02:21.341-03:00 TRACE 27712 --- [projetonsei] [http-nio-8080-exec-3] o.s.security.web.FilterChainProxy        : Trying to match request against DefaultSecurityFilterChain matching [PathPattern [/v3/api-docs/**]] and having filters [] (2/7)
2026-09-09T09:02:21.342-03:00 TRACE 27712 --- [projetonsei] [http-nio-8080-exec-3] o.s.security.web.FilterChainProxy        : Trying to match request against DefaultSecurityFilterChain matching [PathPattern [/swagger-resources/**]] and having filters [] (3/7)
2026-09-09T09:02:21.342-03:00 TRACE 27712 --- [projetonsei] [http-nio-8080-exec-3] o.s.security.web.FilterChainProxy        : Trying to match request against DefaultSecurityFilterChain matching [PathPattern [/swagger-ui.html]] and having filters [] (4/7)
2026-09-09T09:02:21.344-03:00 TRACE 27712 --- [projetonsei] [http-nio-8080-exec-3] o.s.security.web.FilterChainProxy        : Trying to match request against DefaultSecurityFilterChain matching [PathPattern [/swagger-ui/**]] and having filters [] (5/7)
2026-09-09T09:02:21.346-03:00 TRACE 27712 --- [projetonsei] [http-nio-8080-exec-3] o.s.security.web.FilterChainProxy        : Trying to match request against DefaultSecurityFilterChain matching [PathPattern [/webjars/**]] and having filters [] (6/7)
2026-09-09T09:02:21.346-03:00 TRACE 27712 --- [projetonsei] [http-nio-8080-exec-3] o.s.security.web.FilterChainProxy        : Trying to match request against DefaultSecurityFilterChain defined as 'securityFilterChain' in [class path resource [io/github/henrique0120/projetonsei/config/SecurityConfiguration.class]] matching [any request] and having filters [DisableEncodeUrl, WebAsyncManagerIntegration, SecurityContextHolder, HeaderWriter, Logout, JwtAuthentication, RequestCacheAware, SecurityContextHolderAwareRequest, AnonymousAuthentication, SessionManagement, ExceptionTranslation, Authorization] (7/7)
2026-09-09T09:02:21.347-03:00 DEBUG 27712 --- [projetonsei] [http-nio-8080-exec-3] o.s.security.web.FilterChainProxy        : Securing GET /AGR/cd04ae90-eb20-4a82-a2b0-ce17269b8524
2026-09-09T09:02:21.347-03:00 TRACE 27712 --- [projetonsei] [http-nio-8080-exec-3] o.s.security.web.FilterChainProxy        : Invoking DisableEncodeUrlFilter (1/12)
2026-09-09T09:02:21.347-03:00 TRACE 27712 --- [projetonsei] [http-nio-8080-exec-3] o.s.security.web.FilterChainProxy        : Invoking WebAsyncManagerIntegrationFilter (2/12)
2026-09-09T09:02:21.347-03:00 TRACE 27712 --- [projetonsei] [http-nio-8080-exec-3] o.s.security.web.FilterChainProxy        : Invoking SecurityContextHolderFilter (3/12)
2026-09-09T09:02:21.347-03:00 TRACE 27712 --- [projetonsei] [http-nio-8080-exec-3] o.s.security.web.FilterChainProxy        : Invoking HeaderWriterFilter (4/12)
2026-09-09T09:02:21.347-03:00 TRACE 27712 --- [projetonsei] [http-nio-8080-exec-3] o.s.security.web.FilterChainProxy        : Invoking LogoutFilter (5/12)
2026-09-09T09:02:21.349-03:00 TRACE 27712 --- [projetonsei] [http-nio-8080-exec-3] o.s.s.w.a.logout.LogoutFilter            : Did not match request to Or [PathPattern [GET /logout], PathPattern [POST /logout], PathPattern [PUT /logout], PathPattern [DELETE /logout]]
2026-09-09T09:02:21.349-03:00 TRACE 27712 --- [projetonsei] [http-nio-8080-exec-3] o.s.security.web.FilterChainProxy        : Invoking JwtAuthenticationFilter (6/12)
2026-09-09T09:02:21.900-03:00 TRACE 27712 --- [projetonsei] [http-nio-8080-exec-3] .s.s.w.c.SupplierDeferredSecurityContext : Created SecurityContextImpl [Null authentication]
2026-09-09T09:02:21.902-03:00 TRACE 27712 --- [projetonsei] [http-nio-8080-exec-3] o.s.security.web.FilterChainProxy        : Invoking RequestCacheAwareFilter (7/12)
2026-09-09T09:02:21.902-03:00 TRACE 27712 --- [projetonsei] [http-nio-8080-exec-3] o.s.security.web.FilterChainProxy        : Invoking SecurityContextHolderAwareRequestFilter (8/12)
2026-09-09T09:02:21.902-03:00 TRACE 27712 --- [projetonsei] [http-nio-8080-exec-3] o.s.security.web.FilterChainProxy        : Invoking AnonymousAuthenticationFilter (9/12)
2026-09-09T09:02:21.903-03:00 TRACE 27712 --- [projetonsei] [http-nio-8080-exec-3] o.s.security.web.FilterChainProxy        : Invoking SessionManagementFilter (10/12)
2026-09-09T09:02:21.907-03:00 TRACE 27712 --- [projetonsei] [http-nio-8080-exec-3] o.s.s.w.a.AnonymousAuthenticationFilter  : Did not set SecurityContextHolder since already authenticated UsernamePasswordAuthenticationToken [Principal=io.github.henrique0120.projetonsei.model.Users@39815c4, Credentials=[PROTECTED], Authenticated=true, Details=null, Granted Authorities=[Roles(id=20058d54-6c91-42c3-a3ca-87616feb4bf9, name=ROLE_SUPORTE)]]
2026-09-09T09:02:21.908-03:00 TRACE 27712 --- [projetonsei] [http-nio-8080-exec-3] s.CompositeSessionAuthenticationStrategy : Preparing session with ChangeSessionIdAuthenticationStrategy (1/1)
2026-09-09T09:02:21.910-03:00 TRACE 27712 --- [projetonsei] [http-nio-8080-exec-3] o.s.security.web.FilterChainProxy        : Invoking ExceptionTranslationFilter (11/12)
2026-09-09T09:02:21.910-03:00 TRACE 27712 --- [projetonsei] [http-nio-8080-exec-3] o.s.security.web.FilterChainProxy        : Invoking AuthorizationFilter (12/12)
2026-09-09T09:02:21.912-03:00 TRACE 27712 --- [projetonsei] [http-nio-8080-exec-3] estMatcherDelegatingAuthorizationManager : Authorizing GET /AGR/cd04ae90-eb20-4a82-a2b0-ce17269b8524
2026-09-09T09:02:21.915-03:00 TRACE 27712 --- [projetonsei] [http-nio-8080-exec-3] estMatcherDelegatingAuthorizationManager : Checking authorization on GET /AGR/cd04ae90-eb20-4a82-a2b0-ce17269b8524 using org.springframework.security.authorization.AuthenticatedAuthorizationManager@240a3a4e
2026-09-09T09:02:21.915-03:00 DEBUG 27712 --- [projetonsei] [http-nio-8080-exec-3] o.s.security.web.FilterChainProxy        : Secured GET /AGR/cd04ae90-eb20-4a82-a2b0-ce17269b8524
2026-09-09T09:02:21.915-03:00 DEBUG 27712 --- [projetonsei] [http-nio-8080-exec-3] o.s.web.servlet.DispatcherServlet        : GET "/AGR/cd04ae90-eb20-4a82-a2b0-ce17269b8524", parameters={}
2026-09-09T09:02:21.917-03:00 DEBUG 27712 --- [projetonsei] [http-nio-8080-exec-3] s.w.s.m.m.a.RequestMappingHandlerMapping : Mapped to io.github.henrique0120.projetonsei.controller.AGRController#findAGR(UUID)
2026-09-09T09:02:21.944-03:00 DEBUG 27712 --- [projetonsei] [http-nio-8080-exec-3] horizationManagerBeforeMethodInterceptor : Authorizing method invocation ReflectiveMethodInvocation: public org.springframework.http.ResponseEntity io.github.henrique0120.projetonsei.controller.AGRController.findAGR(java.util.UUID); target is of class [io.github.henrique0120.projetonsei.controller.AGRController]
2026-09-09T09:02:21.996-03:00 DEBUG 27712 --- [projetonsei] [http-nio-8080-exec-3] horizationManagerBeforeMethodInterceptor : Authorized method invocation ReflectiveMethodInvocation: public org.springframework.http.ResponseEntity io.github.henrique0120.projetonsei.controller.AGRController.findAGR(java.util.UUID); target is of class [io.github.henrique0120.projetonsei.controller.AGRController]
2026-09-09T09:02:22.086-03:00  INFO 27712 --- [projetonsei] [http-nio-8080-exec-3] i.g.h.p.controller.AGRController         : a
2026-09-09T09:02:22.114-03:00 DEBUG 27712 --- [projetonsei] [http-nio-8080-exec-3] o.s.w.s.m.m.a.HttpEntityMethodProcessor  : Using 'application/json', given [*/*] and supported [application/json, application/*+json, application/yaml]
2026-09-09T09:02:22.164-03:00 DEBUG 27712 --- [projetonsei] [http-nio-8080-exec-3] o.s.w.s.m.m.a.HttpEntityMethodProcessor  : Writing [Optional[AGR(id=cd04ae90-eb20-4a82-a2b0-ce17269b8524, cpf=46696939059, name=Maria, email=Maria@email (truncated)...]
2026-09-09T09:02:22.282-03:00 TRACE 27712 --- [projetonsei] [http-nio-8080-exec-3] o.s.s.w.header.writers.HstsHeaderWriter  : Not injecting HSTS header since it did not match request to [Is Secure]
2026-09-09T09:02:22.296-03:00 DEBUG 27712 --- [projetonsei] [http-nio-8080-exec-3] o.s.web.servlet.DispatcherServlet        : Completed 200 OK
2026-09-09T09:07:53.592-03:00  INFO 27792 --- [projetonsei] [restartedMain] i.g.h.projetonsei.Application            : Starting Application using Java 21.0.12.1 with PID 27792 (C:\Users\Henrique Souza\Desktop\spring\projetonsei\target\classes started by Henrique Souza in C:\Users\Henrique Souza\Desktop\spring\projetonsei)
2026-09-09T09:07:53.604-03:00  INFO 27792 --- [projetonsei] [restartedMain] i.g.h.projetonsei.Application            : No active profile set, falling back to 1 default profile: "default"
2026-09-09T09:08:13.673-03:00 TRACE 27792 --- [projetonsei] [restartedMain] eGlobalAuthenticationAutowiredConfigurer : Eagerly initializing {securityConfiguration=io.github.henrique0120.projetonsei.config.SecurityConfiguration$$SpringCGLIB$$0@4b03aa58}
2026-09-09T09:08:13.704-03:00  INFO 27792 --- [projetonsei] [restartedMain] r$InitializeUserDetailsManagerConfigurer : Global AuthenticationManager configured with UserDetailsService bean with name userDetailsServiceImpl
2026-09-09T09:08:15.347-03:00  WARN 27792 --- [projetonsei] [restartedMain] JpaBaseConfiguration$JpaWebConfiguration : spring.jpa.open-in-view is enabled by default. Therefore, database queries may be performed during view rendering. Explicitly configure spring.jpa.open-in-view to disable this warning
2026-09-09T09:08:16.121-03:00 DEBUG 27792 --- [projetonsei] [restartedMain] o.s.s.web.DefaultSecurityFilterChain     : Will secure any request with filters: DisableEncodeUrlFilter, WebAsyncManagerIntegrationFilter, SecurityContextHolderFilter, HeaderWriterFilter, LogoutFilter, JwtAuthenticationFilter, RequestCacheAwareFilter, SecurityContextHolderAwareRequestFilter, AnonymousAuthenticationFilter, SessionManagementFilter, ExceptionTranslationFilter, AuthorizationFilter
2026-09-09T09:08:16.153-03:00  WARN 27792 --- [projetonsei] [restartedMain] o.s.s.c.a.web.builders.WebSecurity       : You are asking Spring Security to ignore PathPattern [/v2/api-docs/**]. This is not recommended -- please use permitAll via HttpSecurity#authorizeHttpRequests instead.
2026-09-09T09:08:16.154-03:00 DEBUG 27792 --- [projetonsei] [restartedMain] o.s.s.web.DefaultSecurityFilterChain     : Will not secure PathPattern [/v2/api-docs/**]
2026-09-09T09:08:16.155-03:00  WARN 27792 --- [projetonsei] [restartedMain] o.s.s.c.a.web.builders.WebSecurity       : You are asking Spring Security to ignore PathPattern [/v3/api-docs/**]. This is not recommended -- please use permitAll via HttpSecurity#authorizeHttpRequests instead.
2026-09-09T09:08:16.155-03:00 DEBUG 27792 --- [projetonsei] [restartedMain] o.s.s.web.DefaultSecurityFilterChain     : Will not secure PathPattern [/v3/api-docs/**]
2026-09-09T09:08:16.155-03:00  WARN 27792 --- [projetonsei] [restartedMain] o.s.s.c.a.web.builders.WebSecurity       : You are asking Spring Security to ignore PathPattern [/swagger-resources/**]. This is not recommended -- please use permitAll via HttpSecurity#authorizeHttpRequests instead.
2026-09-09T09:08:16.155-03:00 DEBUG 27792 --- [projetonsei] [restartedMain] o.s.s.web.DefaultSecurityFilterChain     : Will not secure PathPattern [/swagger-resources/**]
2026-09-09T09:08:16.156-03:00  WARN 27792 --- [projetonsei] [restartedMain] o.s.s.c.a.web.builders.WebSecurity       : You are asking Spring Security to ignore PathPattern [/swagger-ui.html]. This is not recommended -- please use permitAll via HttpSecurity#authorizeHttpRequests instead.
2026-09-09T09:08:16.156-03:00 DEBUG 27792 --- [projetonsei] [restartedMain] o.s.s.web.DefaultSecurityFilterChain     : Will not secure PathPattern [/swagger-ui.html]
2026-09-09T09:08:16.157-03:00  WARN 27792 --- [projetonsei] [restartedMain] o.s.s.c.a.web.builders.WebSecurity       : You are asking Spring Security to ignore PathPattern [/swagger-ui/**]. This is not recommended -- please use permitAll via HttpSecurity#authorizeHttpRequests instead.
2026-09-09T09:08:16.157-03:00 DEBUG 27792 --- [projetonsei] [restartedMain] o.s.s.web.DefaultSecurityFilterChain     : Will not secure PathPattern [/swagger-ui/**]
2026-09-09T09:08:16.157-03:00  WARN 27792 --- [projetonsei] [restartedMain] o.s.s.c.a.web.builders.WebSecurity       : You are asking Spring Security to ignore PathPattern [/webjars/**]. This is not recommended -- please use permitAll via HttpSecurity#authorizeHttpRequests instead.
2026-09-09T09:08:16.158-03:00 DEBUG 27792 --- [projetonsei] [restartedMain] o.s.s.web.DefaultSecurityFilterChain     : Will not secure PathPattern [/webjars/**]
2026-09-09T09:08:16.671-03:00 DEBUG 27792 --- [projetonsei] [restartedMain] s.w.s.m.m.a.RequestMappingHandlerMapping : 18 mappings in 'requestMappingHandlerMapping'
2026-09-09T09:08:16.796-03:00 DEBUG 27792 --- [projetonsei] [restartedMain] o.s.w.s.handler.SimpleUrlHandlerMapping  : Patterns [/webjars/**, /**, /swagger-ui/**, /swagger-ui/*index.html, /swagger-ui/*swagger-initializer.js, /webjars/*swagger-ui/**, /webjars/*swagger-ui/*index.html, /webjars/*swagger-ui/5.32.11/*index.html, /webjars/*swagger-ui/*swagger-initializer.js, /webjars/*swagger-ui/5.32.11/*swagger-initializer.js] in 'resourceHandlerMapping'
2026-09-09T09:08:16.881-03:00 DEBUG 27792 --- [projetonsei] [restartedMain] s.w.s.m.m.a.RequestMappingHandlerAdapter : ControllerAdvice beans: 0 @ModelAttribute, 0 @InitBinder, 2 RequestBodyAdvice, 1 ResponseBodyAdvice
2026-09-09T09:08:17.061-03:00 DEBUG 27792 --- [projetonsei] [restartedMain] .m.m.a.ExceptionHandlerExceptionResolver : ControllerAdvice beans: 2 @ExceptionHandler, 1 ResponseBodyAdvice
2026-09-09T09:08:21.285-03:00  INFO 27792 --- [projetonsei] [restartedMain] i.g.h.projetonsei.Application            : Started Application in 29.463 seconds (process running for 31.448)
2026-09-09T09:08:21.292-03:00  WARN 27792 --- [projetonsei] [restartedMain] o.s.core.events.SpringDocAppInitializer  : SpringDoc /v3/api-docs endpoint is enabled by default. To disable it in production, set the property 'springdoc.api-docs.enabled=false'
2026-09-09T09:08:21.292-03:00  WARN 27792 --- [projetonsei] [restartedMain] o.s.core.events.SpringDocAppInitializer  : SpringDoc /swagger-ui.html endpoint is enabled by default. To disable it in production, set the property 'springdoc.swagger-ui.enabled=false'
2026-09-09T09:09:56.723-03:00  INFO 27792 --- [projetonsei] [http-nio-8080-exec-1] o.s.web.servlet.DispatcherServlet        : Initializing Servlet 'dispatcherServlet'
2026-09-09T09:09:56.723-03:00 DEBUG 27792 --- [projetonsei] [http-nio-8080-exec-1] o.s.web.servlet.DispatcherServlet        : Detected StandardServletMultipartResolver
2026-09-09T09:09:56.723-03:00 DEBUG 27792 --- [projetonsei] [http-nio-8080-exec-1] o.s.web.servlet.DispatcherServlet        : Detected AcceptHeaderLocaleResolver
2026-09-09T09:09:56.727-03:00 DEBUG 27792 --- [projetonsei] [http-nio-8080-exec-1] o.s.web.servlet.DispatcherServlet        : Detected org.springframework.web.servlet.view.DefaultRequestToViewNameTranslator@41bb5e52
2026-09-09T09:09:56.730-03:00 DEBUG 27792 --- [projetonsei] [http-nio-8080-exec-1] o.s.web.servlet.DispatcherServlet        : Detected org.springframework.web.servlet.support.SessionFlashMapManager@554030b5
2026-09-09T09:09:56.731-03:00 DEBUG 27792 --- [projetonsei] [http-nio-8080-exec-1] o.s.web.servlet.DispatcherServlet        : enableLoggingRequestDetails='false': request parameters and headers will be masked to prevent unsafe logging of potentially sensitive data
2026-09-09T09:09:56.731-03:00  INFO 27792 --- [projetonsei] [http-nio-8080-exec-1] o.s.web.servlet.DispatcherServlet        : Completed initialization in 8 ms
2026-09-09T09:09:56.754-03:00 TRACE 27792 --- [projetonsei] [http-nio-8080-exec-1] o.s.security.web.FilterChainProxy        : Trying to match request against DefaultSecurityFilterChain matching [PathPattern [/v2/api-docs/**]] and having filters [] (1/7)
2026-09-09T09:09:56.754-03:00 TRACE 27792 --- [projetonsei] [http-nio-8080-exec-1] o.s.security.web.FilterChainProxy        : Trying to match request against DefaultSecurityFilterChain matching [PathPattern [/v3/api-docs/**]] and having filters [] (2/7)
2026-09-09T09:09:56.756-03:00 TRACE 27792 --- [projetonsei] [http-nio-8080-exec-1] o.s.security.web.FilterChainProxy        : Trying to match request against DefaultSecurityFilterChain matching [PathPattern [/swagger-resources/**]] and having filters [] (3/7)
2026-09-09T09:09:56.756-03:00 TRACE 27792 --- [projetonsei] [http-nio-8080-exec-1] o.s.security.web.FilterChainProxy        : Trying to match request against DefaultSecurityFilterChain matching [PathPattern [/swagger-ui.html]] and having filters [] (4/7)
2026-09-09T09:09:56.756-03:00 TRACE 27792 --- [projetonsei] [http-nio-8080-exec-1] o.s.security.web.FilterChainProxy        : Trying to match request against DefaultSecurityFilterChain matching [PathPattern [/swagger-ui/**]] and having filters [] (5/7)
2026-09-09T09:09:56.756-03:00 TRACE 27792 --- [projetonsei] [http-nio-8080-exec-1] o.s.security.web.FilterChainProxy        : Trying to match request against DefaultSecurityFilterChain matching [PathPattern [/webjars/**]] and having filters [] (6/7)
2026-09-09T09:09:56.758-03:00 TRACE 27792 --- [projetonsei] [http-nio-8080-exec-1] o.s.security.web.FilterChainProxy        : Trying to match request against DefaultSecurityFilterChain defined as 'securityFilterChain' in [class path resource [io/github/henrique0120/projetonsei/config/SecurityConfiguration.class]] matching [any request] and having filters [DisableEncodeUrl, WebAsyncManagerIntegration, SecurityContextHolder, HeaderWriter, Logout, JwtAuthentication, RequestCacheAware, SecurityContextHolderAwareRequest, AnonymousAuthentication, SessionManagement, ExceptionTranslation, Authorization] (7/7)
2026-09-09T09:09:56.759-03:00 DEBUG 27792 --- [projetonsei] [http-nio-8080-exec-1] o.s.security.web.FilterChainProxy        : Securing POST /auth/login
2026-09-09T09:09:56.760-03:00 TRACE 27792 --- [projetonsei] [http-nio-8080-exec-1] o.s.security.web.FilterChainProxy        : Invoking DisableEncodeUrlFilter (1/12)
2026-09-09T09:09:56.763-03:00 TRACE 27792 --- [projetonsei] [http-nio-8080-exec-1] o.s.security.web.FilterChainProxy        : Invoking WebAsyncManagerIntegrationFilter (2/12)
2026-09-09T09:09:56.763-03:00 TRACE 27792 --- [projetonsei] [http-nio-8080-exec-1] o.s.security.web.FilterChainProxy        : Invoking SecurityContextHolderFilter (3/12)
2026-09-09T09:09:56.771-03:00 TRACE 27792 --- [projetonsei] [http-nio-8080-exec-1] o.s.security.web.FilterChainProxy        : Invoking HeaderWriterFilter (4/12)
2026-09-09T09:09:56.771-03:00 TRACE 27792 --- [projetonsei] [http-nio-8080-exec-1] o.s.security.web.FilterChainProxy        : Invoking LogoutFilter (5/12)
2026-09-09T09:09:56.771-03:00 TRACE 27792 --- [projetonsei] [http-nio-8080-exec-1] o.s.s.w.a.logout.LogoutFilter            : Did not match request to Or [PathPattern [GET /logout], PathPattern [POST /logout], PathPattern [PUT /logout], PathPattern [DELETE /logout]]
2026-09-09T09:09:56.775-03:00 TRACE 27792 --- [projetonsei] [http-nio-8080-exec-1] o.s.security.web.FilterChainProxy        : Invoking JwtAuthenticationFilter (6/12)
2026-09-09T09:09:56.777-03:00 TRACE 27792 --- [projetonsei] [http-nio-8080-exec-1] o.s.security.web.FilterChainProxy        : Invoking RequestCacheAwareFilter (7/12)
2026-09-09T09:09:56.777-03:00 TRACE 27792 --- [projetonsei] [http-nio-8080-exec-1] o.s.security.web.FilterChainProxy        : Invoking SecurityContextHolderAwareRequestFilter (8/12)
2026-09-09T09:09:56.779-03:00 TRACE 27792 --- [projetonsei] [http-nio-8080-exec-1] o.s.security.web.FilterChainProxy        : Invoking AnonymousAuthenticationFilter (9/12)
2026-09-09T09:09:56.781-03:00 TRACE 27792 --- [projetonsei] [http-nio-8080-exec-1] o.s.security.web.FilterChainProxy        : Invoking SessionManagementFilter (10/12)
2026-09-09T09:09:56.781-03:00 TRACE 27792 --- [projetonsei] [http-nio-8080-exec-1] .s.s.w.c.SupplierDeferredSecurityContext : Created SecurityContextImpl [Null authentication]
2026-09-09T09:09:56.783-03:00 TRACE 27792 --- [projetonsei] [http-nio-8080-exec-1] o.s.s.w.a.AnonymousAuthenticationFilter  : Set SecurityContextHolder to AnonymousAuthenticationToken [Principal=anonymousUser, Credentials=[PROTECTED], Authenticated=true, Details=WebAuthenticationDetails [RemoteIpAddress=0:0:0:0:0:0:0:1, SessionId=null], Granted Authorities=[ROLE_ANONYMOUS]]
2026-09-09T09:09:56.785-03:00 TRACE 27792 --- [projetonsei] [http-nio-8080-exec-1] o.s.security.web.FilterChainProxy        : Invoking ExceptionTranslationFilter (11/12)
2026-09-09T09:09:56.785-03:00 TRACE 27792 --- [projetonsei] [http-nio-8080-exec-1] o.s.security.web.FilterChainProxy        : Invoking AuthorizationFilter (12/12)
2026-09-09T09:09:56.785-03:00 TRACE 27792 --- [projetonsei] [http-nio-8080-exec-1] estMatcherDelegatingAuthorizationManager : Authorizing POST /auth/login
2026-09-09T09:09:56.787-03:00 TRACE 27792 --- [projetonsei] [http-nio-8080-exec-1] estMatcherDelegatingAuthorizationManager : Checking authorization on POST /auth/login using org.springframework.security.authorization.SingleResultAuthorizationManager@5e647bdf
2026-09-09T09:09:56.789-03:00 DEBUG 27792 --- [projetonsei] [http-nio-8080-exec-1] o.s.security.web.FilterChainProxy        : Secured POST /auth/login
2026-09-09T09:09:56.796-03:00 DEBUG 27792 --- [projetonsei] [http-nio-8080-exec-1] o.s.web.servlet.DispatcherServlet        : POST "/auth/login", parameters={}
2026-09-09T09:09:56.813-03:00 DEBUG 27792 --- [projetonsei] [http-nio-8080-exec-1] s.w.s.m.m.a.RequestMappingHandlerMapping : Mapped to io.github.henrique0120.projetonsei.controller.AuthController#login(RequestAuthLoginDTO)
2026-09-09T09:09:57.133-03:00 DEBUG 27792 --- [projetonsei] [http-nio-8080-exec-1] m.m.a.RequestResponseBodyMethodProcessor : Read "application/json;charset=UTF-8" to [io.github.henrique0120.projetonsei.dto.request.RequestAuthLoginDTO@2910277]
2026-09-09T09:09:57.302-03:00 TRACE 27792 --- [projetonsei] [http-nio-8080-exec-1] o.s.s.authentication.ProviderManager     : Authenticating request with DaoAuthenticationProvider (1/1)
2026-09-09T09:09:58.312-03:00 DEBUG 27792 --- [projetonsei] [http-nio-8080-exec-1] o.s.s.a.dao.DaoAuthenticationProvider    : Authenticated user
2026-09-09T09:09:58.727-03:00 DEBUG 27792 --- [projetonsei] [http-nio-8080-exec-1] m.m.a.RequestResponseBodyMethodProcessor : Using 'application/json', given [*/*] and supported [application/json, application/*+json, application/yaml]
2026-09-09T09:09:58.734-03:00 DEBUG 27792 --- [projetonsei] [http-nio-8080-exec-1] m.m.a.RequestResponseBodyMethodProcessor : Writing [TokenResponseDTO[token=eyJhbGciOiJIUzUxMiJ9.eyJzdWIiOiJoZW5yaXF1ZUBlbWFpbC5jb20iLCJpYXQiOjE3ODg5NTU3 (truncated)...]
2026-09-09T09:09:58.827-03:00 DEBUG 27792 --- [projetonsei] [http-nio-8080-exec-1] o.s.web.servlet.DispatcherServlet        : Completed 200 OK
2026-09-09T09:09:58.829-03:00 TRACE 27792 --- [projetonsei] [http-nio-8080-exec-1] o.s.s.w.header.writers.HstsHeaderWriter  : Not injecting HSTS header since it did not match request to [Is Secure]
2026-09-09T09:10:13.213-03:00 TRACE 27792 --- [projetonsei] [http-nio-8080-exec-2] o.s.security.web.FilterChainProxy        : Trying to match request against DefaultSecurityFilterChain matching [PathPattern [/v2/api-docs/**]] and having filters [] (1/7)
2026-09-09T09:10:13.213-03:00 TRACE 27792 --- [projetonsei] [http-nio-8080-exec-2] o.s.security.web.FilterChainProxy        : Trying to match request against DefaultSecurityFilterChain matching [PathPattern [/v3/api-docs/**]] and having filters [] (2/7)
2026-09-09T09:10:13.214-03:00 TRACE 27792 --- [projetonsei] [http-nio-8080-exec-2] o.s.security.web.FilterChainProxy        : Trying to match request against DefaultSecurityFilterChain matching [PathPattern [/swagger-resources/**]] and having filters [] (3/7)
2026-09-09T09:10:13.214-03:00 TRACE 27792 --- [projetonsei] [http-nio-8080-exec-2] o.s.security.web.FilterChainProxy        : Trying to match request against DefaultSecurityFilterChain matching [PathPattern [/swagger-ui.html]] and having filters [] (4/7)
2026-09-09T09:10:13.214-03:00 TRACE 27792 --- [projetonsei] [http-nio-8080-exec-2] o.s.security.web.FilterChainProxy        : Trying to match request against DefaultSecurityFilterChain matching [PathPattern [/swagger-ui/**]] and having filters [] (5/7)
2026-09-09T09:10:13.214-03:00 TRACE 27792 --- [projetonsei] [http-nio-8080-exec-2] o.s.security.web.FilterChainProxy        : Trying to match request against DefaultSecurityFilterChain matching [PathPattern [/webjars/**]] and having filters [] (6/7)
2026-09-09T09:10:13.215-03:00 TRACE 27792 --- [projetonsei] [http-nio-8080-exec-2] o.s.security.web.FilterChainProxy        : Trying to match request against DefaultSecurityFilterChain defined as 'securityFilterChain' in [class path resource [io/github/henrique0120/projetonsei/config/SecurityConfiguration.class]] matching [any request] and having filters [DisableEncodeUrl, WebAsyncManagerIntegration, SecurityContextHolder, HeaderWriter, Logout, JwtAuthentication, RequestCacheAware, SecurityContextHolderAwareRequest, AnonymousAuthentication, SessionManagement, ExceptionTranslation, Authorization] (7/7)
2026-09-09T09:10:13.215-03:00 DEBUG 27792 --- [projetonsei] [http-nio-8080-exec-2] o.s.security.web.FilterChainProxy        : Securing GET /AGR/cd04ae90-eb20-4a82-a2b0-ce17269b8524
2026-09-09T09:10:13.215-03:00 TRACE 27792 --- [projetonsei] [http-nio-8080-exec-2] o.s.security.web.FilterChainProxy        : Invoking DisableEncodeUrlFilter (1/12)
2026-09-09T09:10:13.216-03:00 TRACE 27792 --- [projetonsei] [http-nio-8080-exec-2] o.s.security.web.FilterChainProxy        : Invoking WebAsyncManagerIntegrationFilter (2/12)
2026-09-09T09:10:13.216-03:00 TRACE 27792 --- [projetonsei] [http-nio-8080-exec-2] o.s.security.web.FilterChainProxy        : Invoking SecurityContextHolderFilter (3/12)
2026-09-09T09:10:13.216-03:00 TRACE 27792 --- [projetonsei] [http-nio-8080-exec-2] o.s.security.web.FilterChainProxy        : Invoking HeaderWriterFilter (4/12)
2026-09-09T09:10:13.216-03:00 TRACE 27792 --- [projetonsei] [http-nio-8080-exec-2] o.s.security.web.FilterChainProxy        : Invoking LogoutFilter (5/12)
2026-09-09T09:10:13.218-03:00 TRACE 27792 --- [projetonsei] [http-nio-8080-exec-2] o.s.s.w.a.logout.LogoutFilter            : Did not match request to Or [PathPattern [GET /logout], PathPattern [POST /logout], PathPattern [PUT /logout], PathPattern [DELETE /logout]]
2026-09-09T09:10:13.218-03:00 TRACE 27792 --- [projetonsei] [http-nio-8080-exec-2] o.s.security.web.FilterChainProxy        : Invoking JwtAuthenticationFilter (6/12)
2026-09-09T09:10:13.510-03:00 TRACE 27792 --- [projetonsei] [http-nio-8080-exec-2] .s.s.w.c.SupplierDeferredSecurityContext : Created SecurityContextImpl [Null authentication]
2026-09-09T09:10:13.511-03:00 TRACE 27792 --- [projetonsei] [http-nio-8080-exec-2] o.s.security.web.FilterChainProxy        : Invoking RequestCacheAwareFilter (7/12)
2026-09-09T09:10:13.511-03:00 TRACE 27792 --- [projetonsei] [http-nio-8080-exec-2] o.s.security.web.FilterChainProxy        : Invoking SecurityContextHolderAwareRequestFilter (8/12)
2026-09-09T09:10:13.512-03:00 TRACE 27792 --- [projetonsei] [http-nio-8080-exec-2] o.s.security.web.FilterChainProxy        : Invoking AnonymousAuthenticationFilter (9/12)
2026-09-09T09:10:13.512-03:00 TRACE 27792 --- [projetonsei] [http-nio-8080-exec-2] o.s.security.web.FilterChainProxy        : Invoking SessionManagementFilter (10/12)
2026-09-09T09:10:13.514-03:00 TRACE 27792 --- [projetonsei] [http-nio-8080-exec-2] o.s.s.w.a.AnonymousAuthenticationFilter  : Did not set SecurityContextHolder since already authenticated UsernamePasswordAuthenticationToken [Principal=io.github.henrique0120.projetonsei.model.Users@24356fbc, Credentials=[PROTECTED], Authenticated=true, Details=null, Granted Authorities=[Roles(id=20058d54-6c91-42c3-a3ca-87616feb4bf9, name=ROLE_SUPORTE)]]
2026-09-09T09:10:13.514-03:00 TRACE 27792 --- [projetonsei] [http-nio-8080-exec-2] s.CompositeSessionAuthenticationStrategy : Preparing session with ChangeSessionIdAuthenticationStrategy (1/1)
2026-09-09T09:10:13.514-03:00 TRACE 27792 --- [projetonsei] [http-nio-8080-exec-2] o.s.security.web.FilterChainProxy        : Invoking ExceptionTranslationFilter (11/12)
2026-09-09T09:10:13.514-03:00 TRACE 27792 --- [projetonsei] [http-nio-8080-exec-2] o.s.security.web.FilterChainProxy        : Invoking AuthorizationFilter (12/12)
2026-09-09T09:10:13.514-03:00 TRACE 27792 --- [projetonsei] [http-nio-8080-exec-2] estMatcherDelegatingAuthorizationManager : Authorizing GET /AGR/cd04ae90-eb20-4a82-a2b0-ce17269b8524
2026-09-09T09:10:13.514-03:00 TRACE 27792 --- [projetonsei] [http-nio-8080-exec-2] estMatcherDelegatingAuthorizationManager : Checking authorization on GET /AGR/cd04ae90-eb20-4a82-a2b0-ce17269b8524 using org.springframework.security.authorization.AuthenticatedAuthorizationManager@6e73986f
2026-09-09T09:10:13.514-03:00 DEBUG 27792 --- [projetonsei] [http-nio-8080-exec-2] o.s.security.web.FilterChainProxy        : Secured GET /AGR/cd04ae90-eb20-4a82-a2b0-ce17269b8524
2026-09-09T09:10:13.516-03:00 DEBUG 27792 --- [projetonsei] [http-nio-8080-exec-2] o.s.web.servlet.DispatcherServlet        : GET "/AGR/cd04ae90-eb20-4a82-a2b0-ce17269b8524", parameters={}
2026-09-09T09:10:13.517-03:00 DEBUG 27792 --- [projetonsei] [http-nio-8080-exec-2] s.w.s.m.m.a.RequestMappingHandlerMapping : Mapped to io.github.henrique0120.projetonsei.controller.AGRController#findAGR(UUID)
2026-09-09T09:10:13.527-03:00 DEBUG 27792 --- [projetonsei] [http-nio-8080-exec-2] horizationManagerBeforeMethodInterceptor : Authorizing method invocation ReflectiveMethodInvocation: public org.springframework.http.ResponseEntity io.github.henrique0120.projetonsei.controller.AGRController.findAGR(java.util.UUID); target is of class [io.github.henrique0120.projetonsei.controller.AGRController]
2026-09-09T09:10:13.558-03:00 DEBUG 27792 --- [projetonsei] [http-nio-8080-exec-2] horizationManagerBeforeMethodInterceptor : Authorized method invocation ReflectiveMethodInvocation: public org.springframework.http.ResponseEntity io.github.henrique0120.projetonsei.controller.AGRController.findAGR(java.util.UUID); target is of class [io.github.henrique0120.projetonsei.controller.AGRController]
2026-09-09T09:10:13.634-03:00  INFO 27792 --- [projetonsei] [http-nio-8080-exec-2] i.g.h.p.controller.AGRController         : 694450220
2026-09-09T09:10:13.646-03:00 DEBUG 27792 --- [projetonsei] [http-nio-8080-exec-2] o.s.w.s.m.m.a.HttpEntityMethodProcessor  : Using 'application/json', given [*/*] and supported [application/json, application/*+json, application/yaml]
2026-09-09T09:10:13.650-03:00 DEBUG 27792 --- [projetonsei] [http-nio-8080-exec-2] o.s.w.s.m.m.a.HttpEntityMethodProcessor  : Writing [Optional[AGR(id=cd04ae90-eb20-4a82-a2b0-ce17269b8524, cpf=46696939059, name=Maria, email=Maria@email (truncated)...]
2026-09-09T09:10:13.701-03:00 TRACE 27792 --- [projetonsei] [http-nio-8080-exec-2] o.s.s.w.header.writers.HstsHeaderWriter  : Not injecting HSTS header since it did not match request to [Is Secure]
2026-09-09T09:10:13.703-03:00 DEBUG 27792 --- [projetonsei] [http-nio-8080-exec-2] o.s.web.servlet.DispatcherServlet        : Completed 200 OK
2026-09-09T16:38:29.163-03:00  INFO 24124 --- [projetonsei] [restartedMain] i.g.h.projetonsei.Application            : Starting Application using Java 21.0.12.1 with PID 24124 (C:\Users\Henrique Souza\Desktop\spring\projetonsei\target\classes started by Henrique Souza in C:\Users\Henrique Souza\Desktop\spring\projetonsei)
2026-09-09T16:38:29.174-03:00  INFO 24124 --- [projetonsei] [restartedMain] i.g.h.projetonsei.Application            : No active profile set, falling back to 1 default profile: "default"
2026-09-09T16:38:39.093-03:00  WARN 24124 --- [projetonsei] [restartedMain] o.h.t.s.i.ExceptionHandlerLoggedImpl     : GenerationTarget encountered exception accepting command : Error executing DDL "
    alter table if exists certificate 
       alter column ticket set data type bigint" via JDBC [ERROR: column "ticket" cannot be cast automatically to type bigint
  Dica: You might need to specify "USING ticket::bigint".]

org.hibernate.tool.schema.spi.CommandAcceptanceException: Error executing DDL "
    alter table if exists certificate 
       alter column ticket set data type bigint" via JDBC [ERROR: column "ticket" cannot be cast automatically to type bigint
  Dica: You might need to specify "USING ticket::bigint".]
	at org.hibernate.tool.schema.internal.exec.GenerationTargetToDatabase.accept(GenerationTargetToDatabase.java:81) ~[hibernate-core-7.2.12.Final.jar:7.2.12.Final]
	at org.hibernate.tool.schema.internal.AbstractSchemaMigrator.applySqlString(AbstractSchemaMigrator.java:566) ~[hibernate-core-7.2.12.Final.jar:7.2.12.Final]
	at org.hibernate.tool.schema.internal.AbstractSchemaMigrator.applySqlStrings(AbstractSchemaMigrator.java:506) ~[hibernate-core-7.2.12.Final.jar:7.2.12.Final]
	at org.hibernate.tool.schema.internal.AbstractSchemaMigrator.migrateTable(AbstractSchemaMigrator.java:324) ~[hibernate-core-7.2.12.Final.jar:7.2.12.Final]
	at org.hibernate.tool.schema.internal.GroupedSchemaMigratorImpl.performTablesMigration(GroupedSchemaMigratorImpl.java:84) ~[hibernate-core-7.2.12.Final.jar:7.2.12.Final]
	at org.hibernate.tool.schema.internal.AbstractSchemaMigrator.performMigration(AbstractSchemaMigrator.java:220) ~[hibernate-core-7.2.12.Final.jar:7.2.12.Final]
	at org.hibernate.tool.schema.internal.AbstractSchemaMigrator.doMigration(AbstractSchemaMigrator.java:96) ~[hibernate-core-7.2.12.Final.jar:7.2.12.Final]
	at org.hibernate.tool.schema.spi.SchemaManagementToolCoordinator.performDatabaseAction(SchemaManagementToolCoordinator.java:269) ~[hibernate-core-7.2.12.Final.jar:7.2.12.Final]
	at org.hibernate.tool.schema.spi.SchemaManagementToolCoordinator.lambda$process$1(SchemaManagementToolCoordinator.java:101) ~[hibernate-core-7.2.12.Final.jar:7.2.12.Final]
	at java.base/java.util.HashMap.forEach(HashMap.java:1429) ~[na:na]
	at org.hibernate.tool.schema.spi.SchemaManagementToolCoordinator.process(SchemaManagementToolCoordinator.java:100) ~[hibernate-core-7.2.12.Final.jar:7.2.12.Final]
	at org.hibernate.boot.internal.SessionFactoryObserverForSchemaExport.sessionFactoryCreated(SessionFactoryObserverForSchemaExport.java:35) ~[hibernate-core-7.2.12.Final.jar:7.2.12.Final]
	at org.hibernate.internal.SessionFactoryObserverChain.sessionFactoryCreated(SessionFactoryObserverChain.java:33) ~[hibernate-core-7.2.12.Final.jar:7.2.12.Final]
	at org.hibernate.internal.SessionFactoryImpl.<init>(SessionFactoryImpl.java:323) ~[hibernate-core-7.2.12.Final.jar:7.2.12.Final]
	at org.hibernate.internal.SessionFactoryRegistry.instantiateSessionFactory(SessionFactoryRegistry.java:64) ~[hibernate-core-7.2.12.Final.jar:7.2.12.Final]
	at org.hibernate.boot.internal.SessionFactoryBuilderImpl.build(SessionFactoryBuilderImpl.java:437) ~[hibernate-core-7.2.12.Final.jar:7.2.12.Final]
	at org.hibernate.jpa.boot.internal.EntityManagerFactoryBuilderImpl.build(EntityManagerFactoryBuilderImpl.java:1456) ~[hibernate-core-7.2.12.Final.jar:7.2.12.Final]
	at org.springframework.orm.jpa.vendor.SpringHibernateJpaPersistenceProvider.createContainerEntityManagerFactory(SpringHibernateJpaPersistenceProvider.java:93) ~[spring-orm-7.0.7.jar:7.0.7]
	at org.springframework.orm.jpa.LocalContainerEntityManagerFactoryBean.createNativeEntityManagerFactory(LocalContainerEntityManagerFactoryBean.java:443) ~[spring-orm-7.0.7.jar:7.0.7]
	at org.springframework.orm.jpa.AbstractEntityManagerFactoryBean.buildNativeEntityManagerFactory(AbstractEntityManagerFactoryBean.java:436) ~[spring-orm-7.0.7.jar:7.0.7]
	at org.springframework.orm.jpa.AbstractEntityManagerFactoryBean.afterPropertiesSet(AbstractEntityManagerFactoryBean.java:411) ~[spring-orm-7.0.7.jar:7.0.7]
	at org.springframework.orm.jpa.LocalContainerEntityManagerFactoryBean.afterPropertiesSet(LocalContainerEntityManagerFactoryBean.java:419) ~[spring-orm-7.0.7.jar:7.0.7]
	at org.springframework.beans.factory.support.AbstractAutowireCapableBeanFactory.invokeInitMethods(AbstractAutowireCapableBeanFactory.java:1864) ~[spring-beans-7.0.7.jar:7.0.7]
	at org.springframework.beans.factory.support.AbstractAutowireCapableBeanFactory.initializeBean(AbstractAutowireCapableBeanFactory.java:1813) ~[spring-beans-7.0.7.jar:7.0.7]
	at org.springframework.beans.factory.support.AbstractAutowireCapableBeanFactory.doCreateBean(AbstractAutowireCapableBeanFactory.java:603) ~[spring-beans-7.0.7.jar:7.0.7]
	at org.springframework.beans.factory.support.AbstractAutowireCapableBeanFactory.createBean(AbstractAutowireCapableBeanFactory.java:525) ~[spring-beans-7.0.7.jar:7.0.7]
	at org.springframework.beans.factory.support.AbstractBeanFactory.lambda$doGetBean$0(AbstractBeanFactory.java:333) ~[spring-beans-7.0.7.jar:7.0.7]
	at org.springframework.beans.factory.support.DefaultSingletonBeanRegistry.getSingleton(DefaultSingletonBeanRegistry.java:371) ~[spring-beans-7.0.7.jar:7.0.7]
	at org.springframework.beans.factory.support.AbstractBeanFactory.doGetBean(AbstractBeanFactory.java:331) ~[spring-beans-7.0.7.jar:7.0.7]
	at org.springframework.beans.factory.support.AbstractBeanFactory.getBean(AbstractBeanFactory.java:196) ~[spring-beans-7.0.7.jar:7.0.7]
	at org.springframework.beans.factory.support.BeanDefinitionValueResolver.resolveReference(BeanDefinitionValueResolver.java:365) ~[spring-beans-7.0.7.jar:7.0.7]
	at org.springframework.beans.factory.support.BeanDefinitionValueResolver.resolveValueIfNecessary(BeanDefinitionValueResolver.java:135) ~[spring-beans-7.0.7.jar:7.0.7]
	at org.springframework.beans.factory.support.ConstructorResolver.resolveConstructorArguments(ConstructorResolver.java:691) ~[spring-beans-7.0.7.jar:7.0.7]
	at org.springframework.beans.factory.support.ConstructorResolver.instantiateUsingFactoryMethod(ConstructorResolver.java:513) ~[spring-beans-7.0.7.jar:7.0.7]
	at org.springframework.beans.factory.support.AbstractAutowireCapableBeanFactory.instantiateUsingFactoryMethod(AbstractAutowireCapableBeanFactory.java:1362) ~[spring-beans-7.0.7.jar:7.0.7]
	at org.springframework.beans.factory.support.AbstractAutowireCapableBeanFactory.createBeanInstance(AbstractAutowireCapableBeanFactory.java:1194) ~[spring-beans-7.0.7.jar:7.0.7]
	at org.springframework.beans.factory.support.AbstractAutowireCapableBeanFactory.doCreateBean(AbstractAutowireCapableBeanFactory.java:565) ~[spring-beans-7.0.7.jar:7.0.7]
	at org.springframework.beans.factory.support.AbstractAutowireCapableBeanFactory.createBean(AbstractAutowireCapableBeanFactory.java:525) ~[spring-beans-7.0.7.jar:7.0.7]
	at org.springframework.beans.factory.support.AbstractBeanFactory.lambda$doGetBean$0(AbstractBeanFactory.java:333) ~[spring-beans-7.0.7.jar:7.0.7]
	at org.springframework.beans.factory.support.DefaultSingletonBeanRegistry.getSingleton(DefaultSingletonBeanRegistry.java:371) ~[spring-beans-7.0.7.jar:7.0.7]
	at org.springframework.beans.factory.support.AbstractBeanFactory.doGetBean(AbstractBeanFactory.java:331) ~[spring-beans-7.0.7.jar:7.0.7]
	at org.springframework.beans.factory.support.AbstractBeanFactory.getBean(AbstractBeanFactory.java:201) ~[spring-beans-7.0.7.jar:7.0.7]
	at org.springframework.beans.factory.support.BeanDefinitionValueResolver.resolveReference(BeanDefinitionValueResolver.java:356) ~[spring-beans-7.0.7.jar:7.0.7]
	at org.springframework.beans.factory.support.BeanDefinitionValueResolver.resolveValueIfNecessary(BeanDefinitionValueResolver.java:135) ~[spring-beans-7.0.7.jar:7.0.7]
	at org.springframework.beans.factory.support.AbstractAutowireCapableBeanFactory.applyPropertyValues(AbstractAutowireCapableBeanFactory.java:1712) ~[spring-beans-7.0.7.jar:7.0.7]
	at org.springframework.beans.factory.support.AbstractAutowireCapableBeanFactory.populateBean(AbstractAutowireCapableBeanFactory.java:1461) ~[spring-beans-7.0.7.jar:7.0.7]
	at org.springframework.beans.factory.support.AbstractAutowireCapableBeanFactory.doCreateBean(AbstractAutowireCapableBeanFactory.java:602) ~[spring-beans-7.0.7.jar:7.0.7]
	at org.springframework.beans.factory.support.AbstractAutowireCapableBeanFactory.createBean(AbstractAutowireCapableBeanFactory.java:525) ~[spring-beans-7.0.7.jar:7.0.7]
	at org.springframework.beans.factory.support.AbstractBeanFactory.lambda$doGetBean$0(AbstractBeanFactory.java:333) ~[spring-beans-7.0.7.jar:7.0.7]
	at org.springframework.beans.factory.support.DefaultSingletonBeanRegistry.getSingleton(DefaultSingletonBeanRegistry.java:371) ~[spring-beans-7.0.7.jar:7.0.7]
	at org.springframework.beans.factory.support.AbstractBeanFactory.doGetBean(AbstractBeanFactory.java:331) ~[spring-beans-7.0.7.jar:7.0.7]
	at org.springframework.beans.factory.support.AbstractBeanFactory.getBean(AbstractBeanFactory.java:201) ~[spring-beans-7.0.7.jar:7.0.7]
	at org.springframework.beans.factory.support.DefaultListableBeanFactory.resolveBean(DefaultListableBeanFactory.java:1225) ~[spring-beans-7.0.7.jar:7.0.7]
	at org.springframework.beans.factory.support.DefaultListableBeanFactory.doResolveDependency(DefaultListableBeanFactory.java:1704) ~[spring-beans-7.0.7.jar:7.0.7]
	at org.springframework.beans.factory.support.DefaultListableBeanFactory.resolveDependency(DefaultListableBeanFactory.java:1651) ~[spring-beans-7.0.7.jar:7.0.7]
	at org.springframework.beans.factory.support.ConstructorResolver.resolveAutowiredArgument(ConstructorResolver.java:912) ~[spring-beans-7.0.7.jar:7.0.7]
	at org.springframework.beans.factory.support.ConstructorResolver.createArgumentArray(ConstructorResolver.java:791) ~[spring-beans-7.0.7.jar:7.0.7]
	at org.springframework.beans.factory.support.ConstructorResolver.autowireConstructor(ConstructorResolver.java:240) ~[spring-beans-7.0.7.jar:7.0.7]
	at org.springframework.beans.factory.support.AbstractAutowireCapableBeanFactory.autowireConstructor(AbstractAutowireCapableBeanFactory.java:1382) ~[spring-beans-7.0.7.jar:7.0.7]
	at org.springframework.beans.factory.support.AbstractAutowireCapableBeanFactory.createBeanInstance(AbstractAutowireCapableBeanFactory.java:1221) ~[spring-beans-7.0.7.jar:7.0.7]
	at org.springframework.beans.factory.support.AbstractAutowireCapableBeanFactory.doCreateBean(AbstractAutowireCapableBeanFactory.java:565) ~[spring-beans-7.0.7.jar:7.0.7]
	at org.springframework.beans.factory.support.AbstractAutowireCapableBeanFactory.createBean(AbstractAutowireCapableBeanFactory.java:525) ~[spring-beans-7.0.7.jar:7.0.7]
	at org.springframework.beans.factory.support.AbstractBeanFactory.lambda$doGetBean$0(AbstractBeanFactory.java:333) ~[spring-beans-7.0.7.jar:7.0.7]
	at org.springframework.beans.factory.support.DefaultSingletonBeanRegistry.getSingleton(DefaultSingletonBeanRegistry.java:371) ~[spring-beans-7.0.7.jar:7.0.7]
	at org.springframework.beans.factory.support.AbstractBeanFactory.doGetBean(AbstractBeanFactory.java:331) ~[spring-beans-7.0.7.jar:7.0.7]
	at org.springframework.beans.factory.support.AbstractBeanFactory.getBean(AbstractBeanFactory.java:201) ~[spring-beans-7.0.7.jar:7.0.7]
	at org.springframework.beans.factory.config.DependencyDescriptor.resolveCandidate(DependencyDescriptor.java:229) ~[spring-beans-7.0.7.jar:7.0.7]
	at org.springframework.beans.factory.support.DefaultListableBeanFactory.doResolveDependency(DefaultListableBeanFactory.java:1762) ~[spring-beans-7.0.7.jar:7.0.7]
	at org.springframework.beans.factory.support.DefaultListableBeanFactory.resolveDependency(DefaultListableBeanFactory.java:1651) ~[spring-beans-7.0.7.jar:7.0.7]
	at org.springframework.beans.factory.support.ConstructorResolver.resolveAutowiredArgument(ConstructorResolver.java:912) ~[spring-beans-7.0.7.jar:7.0.7]
	at org.springframework.beans.factory.support.ConstructorResolver.createArgumentArray(ConstructorResolver.java:791) ~[spring-beans-7.0.7.jar:7.0.7]
	at org.springframework.beans.factory.support.ConstructorResolver.autowireConstructor(ConstructorResolver.java:240) ~[spring-beans-7.0.7.jar:7.0.7]
	at org.springframework.beans.factory.support.AbstractAutowireCapableBeanFactory.autowireConstructor(AbstractAutowireCapableBeanFactory.java:1382) ~[spring-beans-7.0.7.jar:7.0.7]
	at org.springframework.beans.factory.support.AbstractAutowireCapableBeanFactory.createBeanInstance(AbstractAutowireCapableBeanFactory.java:1221) ~[spring-beans-7.0.7.jar:7.0.7]
	at org.springframework.beans.factory.support.AbstractAutowireCapableBeanFactory.doCreateBean(AbstractAutowireCapableBeanFactory.java:565) ~[spring-beans-7.0.7.jar:7.0.7]
	at org.springframework.beans.factory.support.AbstractAutowireCapableBeanFactory.createBean(AbstractAutowireCapableBeanFactory.java:525) ~[spring-beans-7.0.7.jar:7.0.7]
	at org.springframework.beans.factory.support.AbstractBeanFactory.lambda$doGetBean$0(AbstractBeanFactory.java:333) ~[spring-beans-7.0.7.jar:7.0.7]
	at org.springframework.beans.factory.support.DefaultSingletonBeanRegistry.getSingleton(DefaultSingletonBeanRegistry.java:371) ~[spring-beans-7.0.7.jar:7.0.7]
	at org.springframework.beans.factory.support.AbstractBeanFactory.doGetBean(AbstractBeanFactory.java:331) ~[spring-beans-7.0.7.jar:7.0.7]
	at org.springframework.beans.factory.support.AbstractBeanFactory.getBean(AbstractBeanFactory.java:201) ~[spring-beans-7.0.7.jar:7.0.7]
	at org.springframework.boot.web.servlet.ServletContextInitializerBeans.getOrderedBeansOfType(ServletContextInitializerBeans.java:231) ~[spring-boot-4.0.6.jar:4.0.6]
	at org.springframework.boot.web.servlet.ServletContextInitializerBeans.addAsRegistrationBean(ServletContextInitializerBeans.java:185) ~[spring-boot-4.0.6.jar:4.0.6]
	at org.springframework.boot.web.servlet.ServletContextInitializerBeans.addAsRegistrationBean(ServletContextInitializerBeans.java:180) ~[spring-boot-4.0.6.jar:4.0.6]
	at org.springframework.boot.web.servlet.ServletContextInitializerBeans.addAdaptableBeans(ServletContextInitializerBeans.java:165) ~[spring-boot-4.0.6.jar:4.0.6]
	at org.springframework.boot.web.servlet.ServletContextInitializerBeans.<init>(ServletContextInitializerBeans.java:97) ~[spring-boot-4.0.6.jar:4.0.6]
	at org.springframework.boot.web.context.servlet.WebApplicationContextInitializer.initialize(WebApplicationContextInitializer.java:53) ~[spring-boot-4.0.6.jar:4.0.6]
	at org.springframework.boot.tomcat.servlet.DeferredServletContainerInitializers.onStartup(DeferredServletContainerInitializers.java:55) ~[spring-boot-tomcat-4.0.6.jar:4.0.6]
	at org.apache.catalina.core.StandardContext.startInternal(StandardContext.java:4416) ~[tomcat-embed-core-11.0.21.jar:11.0.21]
	at org.apache.catalina.util.LifecycleBase.start(LifecycleBase.java:164) ~[tomcat-embed-core-11.0.21.jar:11.0.21]
	at org.apache.catalina.core.ContainerBase$StartChild.call(ContainerBase.java:1162) ~[tomcat-embed-core-11.0.21.jar:11.0.21]
	at org.apache.catalina.core.ContainerBase$StartChild.call(ContainerBase.java:1158) ~[tomcat-embed-core-11.0.21.jar:11.0.21]
	at java.base/java.util.concurrent.FutureTask.run(FutureTask.java:317) ~[na:na]
	at org.apache.tomcat.util.threads.InlineExecutorService.execute(InlineExecutorService.java:81) ~[tomcat-embed-core-11.0.21.jar:11.0.21]
	at java.base/java.util.concurrent.AbstractExecutorService.submit(AbstractExecutorService.java:145) ~[na:na]
	at org.apache.catalina.core.ContainerBase.startInternal(ContainerBase.java:714) ~[tomcat-embed-core-11.0.21.jar:11.0.21]
	at org.apache.catalina.core.StandardHost.startInternal(StandardHost.java:780) ~[tomcat-embed-core-11.0.21.jar:11.0.21]
	at org.apache.catalina.util.LifecycleBase.start(LifecycleBase.java:164) ~[tomcat-embed-core-11.0.21.jar:11.0.21]
	at org.apache.catalina.core.ContainerBase$StartChild.call(ContainerBase.java:1162) ~[tomcat-embed-core-11.0.21.jar:11.0.21]
	at org.apache.catalina.core.ContainerBase$StartChild.call(ContainerBase.java:1158) ~[tomcat-embed-core-11.0.21.jar:11.0.21]
	at java.base/java.util.concurrent.FutureTask.run(FutureTask.java:317) ~[na:na]
	at org.apache.tomcat.util.threads.InlineExecutorService.execute(InlineExecutorService.java:81) ~[tomcat-embed-core-11.0.21.jar:11.0.21]
	at java.base/java.util.concurrent.AbstractExecutorService.submit(AbstractExecutorService.java:145) ~[na:na]
	at org.apache.catalina.core.ContainerBase.startInternal(ContainerBase.java:714) ~[tomcat-embed-core-11.0.21.jar:11.0.21]
	at org.apache.catalina.core.StandardEngine.startInternal(StandardEngine.java:201) ~[tomcat-embed-core-11.0.21.jar:11.0.21]
	at org.apache.catalina.util.LifecycleBase.start(LifecycleBase.java:164) ~[tomcat-embed-core-11.0.21.jar:11.0.21]
	at org.apache.catalina.core.StandardService.startInternal(StandardService.java:410) ~[tomcat-embed-core-11.0.21.jar:11.0.21]
	at org.apache.catalina.util.LifecycleBase.start(LifecycleBase.java:164) ~[tomcat-embed-core-11.0.21.jar:11.0.21]
	at org.apache.catalina.core.StandardServer.startInternal(StandardServer.java:864) ~[tomcat-embed-core-11.0.21.jar:11.0.21]
	at org.apache.catalina.util.LifecycleBase.start(LifecycleBase.java:164) ~[tomcat-embed-core-11.0.21.jar:11.0.21]
	at org.apache.catalina.startup.Tomcat.start(Tomcat.java:435) ~[tomcat-embed-core-11.0.21.jar:11.0.21]
	at org.springframework.boot.tomcat.TomcatWebServer.initialize(TomcatWebServer.java:131) ~[spring-boot-tomcat-4.0.6.jar:4.0.6]
	at org.springframework.boot.tomcat.TomcatWebServer.<init>(TomcatWebServer.java:110) ~[spring-boot-tomcat-4.0.6.jar:4.0.6]
	at org.springframework.boot.tomcat.servlet.TomcatServletWebServerFactory.getTomcatWebServer(TomcatServletWebServerFactory.java:408) ~[spring-boot-tomcat-4.0.6.jar:4.0.6]
	at org.springframework.boot.tomcat.servlet.TomcatServletWebServerFactory.getWebServer(TomcatServletWebServerFactory.java:166) ~[spring-boot-tomcat-4.0.6.jar:4.0.6]
	at org.springframework.boot.web.server.servlet.context.ServletWebServerApplicationContext.createWebServer(ServletWebServerApplicationContext.java:190) ~[spring-boot-web-server-4.0.6.jar:4.0.6]
	at org.springframework.boot.web.server.servlet.context.ServletWebServerApplicationContext.onRefresh(ServletWebServerApplicationContext.java:164) ~[spring-boot-web-server-4.0.6.jar:4.0.6]
	at org.springframework.context.support.AbstractApplicationContext.refresh(AbstractApplicationContext.java:615) ~[spring-context-7.0.7.jar:7.0.7]
	at org.springframework.boot.web.server.servlet.context.ServletWebServerApplicationContext.refresh(ServletWebServerApplicationContext.java:143) ~[spring-boot-web-server-4.0.6.jar:4.0.6]
	at org.springframework.boot.SpringApplication.refresh(SpringApplication.java:756) ~[spring-boot-4.0.6.jar:4.0.6]
	at org.springframework.boot.SpringApplication.refreshContext(SpringApplication.java:445) ~[spring-boot-4.0.6.jar:4.0.6]
	at org.springframework.boot.SpringApplication.run(SpringApplication.java:321) ~[spring-boot-4.0.6.jar:4.0.6]
	at org.springframework.boot.SpringApplication.run(SpringApplication.java:1365) ~[spring-boot-4.0.6.jar:4.0.6]
	at org.springframework.boot.SpringApplication.run(SpringApplication.java:1354) ~[spring-boot-4.0.6.jar:4.0.6]
	at io.github.henrique0120.projetonsei.Application.main(Application.java:12) ~[classes/:na]
	at java.base/jdk.internal.reflect.DirectMethodHandleAccessor.invoke(DirectMethodHandleAccessor.java:103) ~[na:na]
	at java.base/java.lang.reflect.Method.invoke(Method.java:580) ~[na:na]
	at org.springframework.boot.devtools.restart.RestartLauncher.run(RestartLauncher.java:52) ~[spring-boot-devtools-4.0.6.jar:4.0.6]
Caused by: org.postgresql.util.PSQLException: ERROR: column "ticket" cannot be cast automatically to type bigint
  Dica: You might need to specify "USING ticket::bigint".
	at org.postgresql.core.v3.QueryExecutorImpl.receiveErrorResponse(QueryExecutorImpl.java:2875) ~[postgresql-42.7.10.jar:42.7.10]
	at org.postgresql.core.v3.QueryExecutorImpl.processResults(QueryExecutorImpl.java:2560) ~[postgresql-42.7.10.jar:42.7.10]
	at org.postgresql.core.v3.QueryExecutorImpl.execute(QueryExecutorImpl.java:429) ~[postgresql-42.7.10.jar:42.7.10]
	at org.postgresql.jdbc.PgStatement.executeInternal(PgStatement.java:526) ~[postgresql-42.7.10.jar:42.7.10]
	at org.postgresql.jdbc.PgStatement.execute(PgStatement.java:436) ~[postgresql-42.7.10.jar:42.7.10]
	at org.postgresql.jdbc.PgStatement.executeWithFlags(PgStatement.java:358) ~[postgresql-42.7.10.jar:42.7.10]
	at org.postgresql.jdbc.PgStatement.executeCachedSql(PgStatement.java:343) ~[postgresql-42.7.10.jar:42.7.10]
	at org.postgresql.jdbc.PgStatement.executeWithFlags(PgStatement.java:319) ~[postgresql-42.7.10.jar:42.7.10]
	at org.postgresql.jdbc.PgStatement.execute(PgStatement.java:314) ~[postgresql-42.7.10.jar:42.7.10]
	at com.zaxxer.hikari.pool.ProxyStatement.execute(ProxyStatement.java:95) ~[HikariCP-7.0.2.jar:na]
	at com.zaxxer.hikari.pool.HikariProxyStatement.execute(HikariProxyStatement.java) ~[HikariCP-7.0.2.jar:na]
	at org.hibernate.tool.schema.internal.exec.GenerationTargetToDatabase.accept(GenerationTargetToDatabase.java:76) ~[hibernate-core-7.2.12.Final.jar:7.2.12.Final]
	... 126 common frames omitted

2026-09-09T16:38:41.578-03:00 TRACE 24124 --- [projetonsei] [restartedMain] eGlobalAuthenticationAutowiredConfigurer : Eagerly initializing {securityConfiguration=io.github.henrique0120.projetonsei.config.SecurityConfiguration$$SpringCGLIB$$0@2e68ce96}
2026-09-09T16:38:41.602-03:00  INFO 24124 --- [projetonsei] [restartedMain] r$InitializeUserDetailsManagerConfigurer : Global AuthenticationManager configured with UserDetailsService bean with name userDetailsServiceImpl
2026-09-09T16:38:42.310-03:00  WARN 24124 --- [projetonsei] [restartedMain] JpaBaseConfiguration$JpaWebConfiguration : spring.jpa.open-in-view is enabled by default. Therefore, database queries may be performed during view rendering. Explicitly configure spring.jpa.open-in-view to disable this warning
2026-09-09T16:38:42.871-03:00 DEBUG 24124 --- [projetonsei] [restartedMain] o.s.s.web.DefaultSecurityFilterChain     : Will secure any request with filters: DisableEncodeUrlFilter, WebAsyncManagerIntegrationFilter, SecurityContextHolderFilter, HeaderWriterFilter, LogoutFilter, JwtAuthenticationFilter, RequestCacheAwareFilter, SecurityContextHolderAwareRequestFilter, AnonymousAuthenticationFilter, SessionManagementFilter, ExceptionTranslationFilter, AuthorizationFilter
2026-09-09T16:38:42.892-03:00  WARN 24124 --- [projetonsei] [restartedMain] o.s.s.c.a.web.builders.WebSecurity       : You are asking Spring Security to ignore PathPattern [/v2/api-docs/**]. This is not recommended -- please use permitAll via HttpSecurity#authorizeHttpRequests instead.
2026-09-09T16:38:42.893-03:00 DEBUG 24124 --- [projetonsei] [restartedMain] o.s.s.web.DefaultSecurityFilterChain     : Will not secure PathPattern [/v2/api-docs/**]
2026-09-09T16:38:42.893-03:00  WARN 24124 --- [projetonsei] [restartedMain] o.s.s.c.a.web.builders.WebSecurity       : You are asking Spring Security to ignore PathPattern [/v3/api-docs/**]. This is not recommended -- please use permitAll via HttpSecurity#authorizeHttpRequests instead.
2026-09-09T16:38:42.895-03:00 DEBUG 24124 --- [projetonsei] [restartedMain] o.s.s.web.DefaultSecurityFilterChain     : Will not secure PathPattern [/v3/api-docs/**]
2026-09-09T16:38:42.896-03:00  WARN 24124 --- [projetonsei] [restartedMain] o.s.s.c.a.web.builders.WebSecurity       : You are asking Spring Security to ignore PathPattern [/swagger-resources/**]. This is not recommended -- please use permitAll via HttpSecurity#authorizeHttpRequests instead.
2026-09-09T16:38:42.897-03:00 DEBUG 24124 --- [projetonsei] [restartedMain] o.s.s.web.DefaultSecurityFilterChain     : Will not secure PathPattern [/swagger-resources/**]
2026-09-09T16:38:42.897-03:00  WARN 24124 --- [projetonsei] [restartedMain] o.s.s.c.a.web.builders.WebSecurity       : You are asking Spring Security to ignore PathPattern [/swagger-ui.html]. This is not recommended -- please use permitAll via HttpSecurity#authorizeHttpRequests instead.
2026-09-09T16:38:42.897-03:00 DEBUG 24124 --- [projetonsei] [restartedMain] o.s.s.web.DefaultSecurityFilterChain     : Will not secure PathPattern [/swagger-ui.html]
2026-09-09T16:38:42.897-03:00  WARN 24124 --- [projetonsei] [restartedMain] o.s.s.c.a.web.builders.WebSecurity       : You are asking Spring Security to ignore PathPattern [/swagger-ui/**]. This is not recommended -- please use permitAll via HttpSecurity#authorizeHttpRequests instead.
2026-09-09T16:38:42.898-03:00 DEBUG 24124 --- [projetonsei] [restartedMain] o.s.s.web.DefaultSecurityFilterChain     : Will not secure PathPattern [/swagger-ui/**]
2026-09-09T16:38:42.898-03:00  WARN 24124 --- [projetonsei] [restartedMain] o.s.s.c.a.web.builders.WebSecurity       : You are asking Spring Security to ignore PathPattern [/webjars/**]. This is not recommended -- please use permitAll via HttpSecurity#authorizeHttpRequests instead.
2026-09-09T16:38:42.899-03:00 DEBUG 24124 --- [projetonsei] [restartedMain] o.s.s.web.DefaultSecurityFilterChain     : Will not secure PathPattern [/webjars/**]
2026-09-09T16:38:43.316-03:00 DEBUG 24124 --- [projetonsei] [restartedMain] s.w.s.m.m.a.RequestMappingHandlerMapping : 19 mappings in 'requestMappingHandlerMapping'
2026-09-09T16:38:43.422-03:00 DEBUG 24124 --- [projetonsei] [restartedMain] o.s.w.s.handler.SimpleUrlHandlerMapping  : Patterns [/webjars/**, /**, /swagger-ui/**, /swagger-ui/*index.html, /swagger-ui/*swagger-initializer.js, /webjars/*swagger-ui/**, /webjars/*swagger-ui/*index.html, /webjars/*swagger-ui/5.32.11/*index.html, /webjars/*swagger-ui/*swagger-initializer.js, /webjars/*swagger-ui/5.32.11/*swagger-initializer.js] in 'resourceHandlerMapping'
2026-09-09T16:38:43.494-03:00 DEBUG 24124 --- [projetonsei] [restartedMain] s.w.s.m.m.a.RequestMappingHandlerAdapter : ControllerAdvice beans: 0 @ModelAttribute, 0 @InitBinder, 2 RequestBodyAdvice, 1 ResponseBodyAdvice
2026-09-09T16:38:43.658-03:00 DEBUG 24124 --- [projetonsei] [restartedMain] .m.m.a.ExceptionHandlerExceptionResolver : ControllerAdvice beans: 2 @ExceptionHandler, 1 ResponseBodyAdvice
2026-09-09T16:38:46.318-03:00  INFO 24124 --- [projetonsei] [restartedMain] i.g.h.projetonsei.Application            : Started Application in 18.67 seconds (process running for 20.527)
2026-09-09T16:38:46.324-03:00  WARN 24124 --- [projetonsei] [restartedMain] o.s.core.events.SpringDocAppInitializer  : SpringDoc /v3/api-docs endpoint is enabled by default. To disable it in production, set the property 'springdoc.api-docs.enabled=false'
2026-09-09T16:38:46.324-03:00  WARN 24124 --- [projetonsei] [restartedMain] o.s.core.events.SpringDocAppInitializer  : SpringDoc /swagger-ui.html endpoint is enabled by default. To disable it in production, set the property 'springdoc.swagger-ui.enabled=false'
2026-09-09T16:40:23.397-03:00  INFO 25332 --- [projetonsei] [restartedMain] i.g.h.projetonsei.Application            : Starting Application using Java 21.0.12.1 with PID 25332 (C:\Users\Henrique Souza\Desktop\spring\projetonsei\target\classes started by Henrique Souza in C:\Users\Henrique Souza\Desktop\spring\projetonsei)
2026-09-09T16:40:23.405-03:00  INFO 25332 --- [projetonsei] [restartedMain] i.g.h.projetonsei.Application            : No active profile set, falling back to 1 default profile: "default"
2026-09-09T16:40:34.033-03:00 TRACE 25332 --- [projetonsei] [restartedMain] eGlobalAuthenticationAutowiredConfigurer : Eagerly initializing {securityConfiguration=io.github.henrique0120.projetonsei.config.SecurityConfiguration$$SpringCGLIB$$0@73d71abc}
2026-09-09T16:40:34.051-03:00  INFO 25332 --- [projetonsei] [restartedMain] r$InitializeUserDetailsManagerConfigurer : Global AuthenticationManager configured with UserDetailsService bean with name userDetailsServiceImpl
2026-09-09T16:40:34.760-03:00  WARN 25332 --- [projetonsei] [restartedMain] JpaBaseConfiguration$JpaWebConfiguration : spring.jpa.open-in-view is enabled by default. Therefore, database queries may be performed during view rendering. Explicitly configure spring.jpa.open-in-view to disable this warning
2026-09-09T16:40:35.590-03:00 DEBUG 25332 --- [projetonsei] [restartedMain] o.s.s.web.DefaultSecurityFilterChain     : Will secure any request with filters: DisableEncodeUrlFilter, WebAsyncManagerIntegrationFilter, SecurityContextHolderFilter, HeaderWriterFilter, LogoutFilter, JwtAuthenticationFilter, RequestCacheAwareFilter, SecurityContextHolderAwareRequestFilter, AnonymousAuthenticationFilter, SessionManagementFilter, ExceptionTranslationFilter, AuthorizationFilter
2026-09-09T16:40:35.604-03:00  WARN 25332 --- [projetonsei] [restartedMain] o.s.s.c.a.web.builders.WebSecurity       : You are asking Spring Security to ignore PathPattern [/v2/api-docs/**]. This is not recommended -- please use permitAll via HttpSecurity#authorizeHttpRequests instead.
2026-09-09T16:40:35.605-03:00 DEBUG 25332 --- [projetonsei] [restartedMain] o.s.s.web.DefaultSecurityFilterChain     : Will not secure PathPattern [/v2/api-docs/**]
2026-09-09T16:40:35.605-03:00  WARN 25332 --- [projetonsei] [restartedMain] o.s.s.c.a.web.builders.WebSecurity       : You are asking Spring Security to ignore PathPattern [/v3/api-docs/**]. This is not recommended -- please use permitAll via HttpSecurity#authorizeHttpRequests instead.
2026-09-09T16:40:35.605-03:00 DEBUG 25332 --- [projetonsei] [restartedMain] o.s.s.web.DefaultSecurityFilterChain     : Will not secure PathPattern [/v3/api-docs/**]
2026-09-09T16:40:35.605-03:00  WARN 25332 --- [projetonsei] [restartedMain] o.s.s.c.a.web.builders.WebSecurity       : You are asking Spring Security to ignore PathPattern [/swagger-resources/**]. This is not recommended -- please use permitAll via HttpSecurity#authorizeHttpRequests instead.
2026-09-09T16:40:35.606-03:00 DEBUG 25332 --- [projetonsei] [restartedMain] o.s.s.web.DefaultSecurityFilterChain     : Will not secure PathPattern [/swagger-resources/**]
2026-09-09T16:40:35.606-03:00  WARN 25332 --- [projetonsei] [restartedMain] o.s.s.c.a.web.builders.WebSecurity       : You are asking Spring Security to ignore PathPattern [/swagger-ui.html]. This is not recommended -- please use permitAll via HttpSecurity#authorizeHttpRequests instead.
2026-09-09T16:40:35.606-03:00 DEBUG 25332 --- [projetonsei] [restartedMain] o.s.s.web.DefaultSecurityFilterChain     : Will not secure PathPattern [/swagger-ui.html]
2026-09-09T16:40:35.607-03:00  WARN 25332 --- [projetonsei] [restartedMain] o.s.s.c.a.web.builders.WebSecurity       : You are asking Spring Security to ignore PathPattern [/swagger-ui/**]. This is not recommended -- please use permitAll via HttpSecurity#authorizeHttpRequests instead.
2026-09-09T16:40:35.607-03:00 DEBUG 25332 --- [projetonsei] [restartedMain] o.s.s.web.DefaultSecurityFilterChain     : Will not secure PathPattern [/swagger-ui/**]
2026-09-09T16:40:35.607-03:00  WARN 25332 --- [projetonsei] [restartedMain] o.s.s.c.a.web.builders.WebSecurity       : You are asking Spring Security to ignore PathPattern [/webjars/**]. This is not recommended -- please use permitAll via HttpSecurity#authorizeHttpRequests instead.
2026-09-09T16:40:35.607-03:00 DEBUG 25332 --- [projetonsei] [restartedMain] o.s.s.web.DefaultSecurityFilterChain     : Will not secure PathPattern [/webjars/**]
2026-09-09T16:40:36.059-03:00 DEBUG 25332 --- [projetonsei] [restartedMain] s.w.s.m.m.a.RequestMappingHandlerMapping : 19 mappings in 'requestMappingHandlerMapping'
2026-09-09T16:40:36.226-03:00 DEBUG 25332 --- [projetonsei] [restartedMain] o.s.w.s.handler.SimpleUrlHandlerMapping  : Patterns [/webjars/**, /**, /swagger-ui/**, /swagger-ui/*index.html, /swagger-ui/*swagger-initializer.js, /webjars/*swagger-ui/**, /webjars/*swagger-ui/*index.html, /webjars/*swagger-ui/5.32.11/*index.html, /webjars/*swagger-ui/*swagger-initializer.js, /webjars/*swagger-ui/5.32.11/*swagger-initializer.js] in 'resourceHandlerMapping'
2026-09-09T16:40:36.308-03:00 DEBUG 25332 --- [projetonsei] [restartedMain] s.w.s.m.m.a.RequestMappingHandlerAdapter : ControllerAdvice beans: 0 @ModelAttribute, 0 @InitBinder, 2 RequestBodyAdvice, 1 ResponseBodyAdvice
2026-09-09T16:40:36.465-03:00 DEBUG 25332 --- [projetonsei] [restartedMain] .m.m.a.ExceptionHandlerExceptionResolver : ControllerAdvice beans: 2 @ExceptionHandler, 1 ResponseBodyAdvice
2026-09-09T16:40:39.552-03:00  INFO 25332 --- [projetonsei] [restartedMain] i.g.h.projetonsei.Application            : Started Application in 17.362 seconds (process running for 18.909)
2026-09-09T16:40:39.558-03:00  WARN 25332 --- [projetonsei] [restartedMain] o.s.core.events.SpringDocAppInitializer  : SpringDoc /v3/api-docs endpoint is enabled by default. To disable it in production, set the property 'springdoc.api-docs.enabled=false'
2026-09-09T16:40:39.559-03:00  WARN 25332 --- [projetonsei] [restartedMain] o.s.core.events.SpringDocAppInitializer  : SpringDoc /swagger-ui.html endpoint is enabled by default. To disable it in production, set the property 'springdoc.swagger-ui.enabled=false'
2026-09-09T16:41:22.598-03:00  INFO 25332 --- [projetonsei] [http-nio-8080-exec-1] o.s.web.servlet.DispatcherServlet        : Initializing Servlet 'dispatcherServlet'
2026-09-09T16:41:22.598-03:00 DEBUG 25332 --- [projetonsei] [http-nio-8080-exec-1] o.s.web.servlet.DispatcherServlet        : Detected StandardServletMultipartResolver
2026-09-09T16:41:22.598-03:00 DEBUG 25332 --- [projetonsei] [http-nio-8080-exec-1] o.s.web.servlet.DispatcherServlet        : Detected AcceptHeaderLocaleResolver
2026-09-09T16:41:22.603-03:00 DEBUG 25332 --- [projetonsei] [http-nio-8080-exec-1] o.s.web.servlet.DispatcherServlet        : Detected org.springframework.web.servlet.view.DefaultRequestToViewNameTranslator@2b436f08
2026-09-09T16:41:22.604-03:00 DEBUG 25332 --- [projetonsei] [http-nio-8080-exec-1] o.s.web.servlet.DispatcherServlet        : Detected org.springframework.web.servlet.support.SessionFlashMapManager@44167386
2026-09-09T16:41:22.606-03:00 DEBUG 25332 --- [projetonsei] [http-nio-8080-exec-1] o.s.web.servlet.DispatcherServlet        : enableLoggingRequestDetails='false': request parameters and headers will be masked to prevent unsafe logging of potentially sensitive data
2026-09-09T16:41:22.606-03:00  INFO 25332 --- [projetonsei] [http-nio-8080-exec-1] o.s.web.servlet.DispatcherServlet        : Completed initialization in 8 ms
2026-09-09T16:41:22.627-03:00 TRACE 25332 --- [projetonsei] [http-nio-8080-exec-1] o.s.security.web.FilterChainProxy        : Trying to match request against DefaultSecurityFilterChain matching [PathPattern [/v2/api-docs/**]] and having filters [] (1/7)
2026-09-09T16:41:22.633-03:00 TRACE 25332 --- [projetonsei] [http-nio-8080-exec-1] o.s.security.web.FilterChainProxy        : Trying to match request against DefaultSecurityFilterChain matching [PathPattern [/v3/api-docs/**]] and having filters [] (2/7)
2026-09-09T16:41:22.633-03:00 TRACE 25332 --- [projetonsei] [http-nio-8080-exec-1] o.s.security.web.FilterChainProxy        : Trying to match request against DefaultSecurityFilterChain matching [PathPattern [/swagger-resources/**]] and having filters [] (3/7)
2026-09-09T16:41:22.633-03:00 TRACE 25332 --- [projetonsei] [http-nio-8080-exec-1] o.s.security.web.FilterChainProxy        : Trying to match request against DefaultSecurityFilterChain matching [PathPattern [/swagger-ui.html]] and having filters [] (4/7)
2026-09-09T16:41:22.633-03:00 TRACE 25332 --- [projetonsei] [http-nio-8080-exec-1] o.s.security.web.FilterChainProxy        : Trying to match request against DefaultSecurityFilterChain matching [PathPattern [/swagger-ui/**]] and having filters [] (5/7)
2026-09-09T16:41:22.633-03:00 TRACE 25332 --- [projetonsei] [http-nio-8080-exec-1] o.s.security.web.FilterChainProxy        : Trying to match request against DefaultSecurityFilterChain matching [PathPattern [/webjars/**]] and having filters [] (6/7)
2026-09-09T16:41:22.635-03:00 TRACE 25332 --- [projetonsei] [http-nio-8080-exec-1] o.s.security.web.FilterChainProxy        : Trying to match request against DefaultSecurityFilterChain defined as 'securityFilterChain' in [class path resource [io/github/henrique0120/projetonsei/config/SecurityConfiguration.class]] matching [any request] and having filters [DisableEncodeUrl, WebAsyncManagerIntegration, SecurityContextHolder, HeaderWriter, Logout, JwtAuthentication, RequestCacheAware, SecurityContextHolderAwareRequest, AnonymousAuthentication, SessionManagement, ExceptionTranslation, Authorization] (7/7)
2026-09-09T16:41:22.637-03:00 DEBUG 25332 --- [projetonsei] [http-nio-8080-exec-1] o.s.security.web.FilterChainProxy        : Securing POST /auth/login
2026-09-09T16:41:22.639-03:00 TRACE 25332 --- [projetonsei] [http-nio-8080-exec-1] o.s.security.web.FilterChainProxy        : Invoking DisableEncodeUrlFilter (1/12)
2026-09-09T16:41:22.641-03:00 TRACE 25332 --- [projetonsei] [http-nio-8080-exec-1] o.s.security.web.FilterChainProxy        : Invoking WebAsyncManagerIntegrationFilter (2/12)
2026-09-09T16:41:22.646-03:00 TRACE 25332 --- [projetonsei] [http-nio-8080-exec-1] o.s.security.web.FilterChainProxy        : Invoking SecurityContextHolderFilter (3/12)
2026-09-09T16:41:22.653-03:00 TRACE 25332 --- [projetonsei] [http-nio-8080-exec-1] o.s.security.web.FilterChainProxy        : Invoking HeaderWriterFilter (4/12)
2026-09-09T16:41:22.657-03:00 TRACE 25332 --- [projetonsei] [http-nio-8080-exec-1] o.s.security.web.FilterChainProxy        : Invoking LogoutFilter (5/12)
2026-09-09T16:41:22.657-03:00 TRACE 25332 --- [projetonsei] [http-nio-8080-exec-1] o.s.s.w.a.logout.LogoutFilter            : Did not match request to Or [PathPattern [GET /logout], PathPattern [POST /logout], PathPattern [PUT /logout], PathPattern [DELETE /logout]]
2026-09-09T16:41:22.659-03:00 TRACE 25332 --- [projetonsei] [http-nio-8080-exec-1] o.s.security.web.FilterChainProxy        : Invoking JwtAuthenticationFilter (6/12)
2026-09-09T16:41:22.659-03:00 TRACE 25332 --- [projetonsei] [http-nio-8080-exec-1] o.s.security.web.FilterChainProxy        : Invoking RequestCacheAwareFilter (7/12)
2026-09-09T16:41:22.659-03:00 TRACE 25332 --- [projetonsei] [http-nio-8080-exec-1] o.s.security.web.FilterChainProxy        : Invoking SecurityContextHolderAwareRequestFilter (8/12)
2026-09-09T16:41:22.663-03:00 TRACE 25332 --- [projetonsei] [http-nio-8080-exec-1] o.s.security.web.FilterChainProxy        : Invoking AnonymousAuthenticationFilter (9/12)
2026-09-09T16:41:22.664-03:00 TRACE 25332 --- [projetonsei] [http-nio-8080-exec-1] o.s.security.web.FilterChainProxy        : Invoking SessionManagementFilter (10/12)
2026-09-09T16:41:22.664-03:00 TRACE 25332 --- [projetonsei] [http-nio-8080-exec-1] .s.s.w.c.SupplierDeferredSecurityContext : Created SecurityContextImpl [Null authentication]
2026-09-09T16:41:22.668-03:00 TRACE 25332 --- [projetonsei] [http-nio-8080-exec-1] o.s.s.w.a.AnonymousAuthenticationFilter  : Set SecurityContextHolder to AnonymousAuthenticationToken [Principal=anonymousUser, Credentials=[PROTECTED], Authenticated=true, Details=WebAuthenticationDetails [RemoteIpAddress=0:0:0:0:0:0:0:1, SessionId=null], Granted Authorities=[ROLE_ANONYMOUS]]
2026-09-09T16:41:22.668-03:00 TRACE 25332 --- [projetonsei] [http-nio-8080-exec-1] o.s.security.web.FilterChainProxy        : Invoking ExceptionTranslationFilter (11/12)
2026-09-09T16:41:22.668-03:00 TRACE 25332 --- [projetonsei] [http-nio-8080-exec-1] o.s.security.web.FilterChainProxy        : Invoking AuthorizationFilter (12/12)
2026-09-09T16:41:22.670-03:00 TRACE 25332 --- [projetonsei] [http-nio-8080-exec-1] estMatcherDelegatingAuthorizationManager : Authorizing POST /auth/login
2026-09-09T16:41:22.672-03:00 TRACE 25332 --- [projetonsei] [http-nio-8080-exec-1] estMatcherDelegatingAuthorizationManager : Checking authorization on POST /auth/login using org.springframework.security.authorization.SingleResultAuthorizationManager@7b5909f9
2026-09-09T16:41:22.672-03:00 DEBUG 25332 --- [projetonsei] [http-nio-8080-exec-1] o.s.security.web.FilterChainProxy        : Secured POST /auth/login
2026-09-09T16:41:22.679-03:00 DEBUG 25332 --- [projetonsei] [http-nio-8080-exec-1] o.s.web.servlet.DispatcherServlet        : POST "/auth/login", parameters={}
2026-09-09T16:41:22.696-03:00 DEBUG 25332 --- [projetonsei] [http-nio-8080-exec-1] s.w.s.m.m.a.RequestMappingHandlerMapping : Mapped to io.github.henrique0120.projetonsei.controller.AuthController#login(RequestAuthLoginDTO)
2026-09-09T16:41:22.980-03:00 DEBUG 25332 --- [projetonsei] [http-nio-8080-exec-1] m.m.a.RequestResponseBodyMethodProcessor : Read "application/json;charset=UTF-8" to [io.github.henrique0120.projetonsei.dto.request.RequestAuthLoginDTO@64b104e4]
2026-09-09T16:41:23.078-03:00 TRACE 25332 --- [projetonsei] [http-nio-8080-exec-1] o.s.s.authentication.ProviderManager     : Authenticating request with DaoAuthenticationProvider (1/1)
2026-09-09T16:41:23.923-03:00 DEBUG 25332 --- [projetonsei] [http-nio-8080-exec-1] o.s.s.a.dao.DaoAuthenticationProvider    : Authenticated user
2026-09-09T16:41:24.271-03:00 DEBUG 25332 --- [projetonsei] [http-nio-8080-exec-1] m.m.a.RequestResponseBodyMethodProcessor : Using 'application/json', given [*/*] and supported [application/json, application/*+json, application/yaml]
2026-09-09T16:41:24.277-03:00 DEBUG 25332 --- [projetonsei] [http-nio-8080-exec-1] m.m.a.RequestResponseBodyMethodProcessor : Writing [TokenResponseDTO[token=eyJhbGciOiJIUzUxMiJ9.eyJzdWIiOiJqb2FvemluaG9AZW1haWwuY29tIiwiaWF0IjoxNzg4OTgy (truncated)...]
2026-09-09T16:41:24.336-03:00 DEBUG 25332 --- [projetonsei] [http-nio-8080-exec-1] o.s.web.servlet.DispatcherServlet        : Completed 200 OK
2026-09-09T16:41:24.336-03:00 TRACE 25332 --- [projetonsei] [http-nio-8080-exec-1] o.s.s.w.header.writers.HstsHeaderWriter  : Not injecting HSTS header since it did not match request to [Is Secure]
2026-09-09T16:42:45.659-03:00 TRACE 25332 --- [projetonsei] [http-nio-8080-exec-3] o.s.security.web.FilterChainProxy        : Trying to match request against DefaultSecurityFilterChain matching [PathPattern [/v2/api-docs/**]] and having filters [] (1/7)
2026-09-09T16:42:45.659-03:00 TRACE 25332 --- [projetonsei] [http-nio-8080-exec-3] o.s.security.web.FilterChainProxy        : Trying to match request against DefaultSecurityFilterChain matching [PathPattern [/v3/api-docs/**]] and having filters [] (2/7)
2026-09-09T16:42:45.659-03:00 TRACE 25332 --- [projetonsei] [http-nio-8080-exec-3] o.s.security.web.FilterChainProxy        : Trying to match request against DefaultSecurityFilterChain matching [PathPattern [/swagger-resources/**]] and having filters [] (3/7)
2026-09-09T16:42:45.661-03:00 TRACE 25332 --- [projetonsei] [http-nio-8080-exec-3] o.s.security.web.FilterChainProxy        : Trying to match request against DefaultSecurityFilterChain matching [PathPattern [/swagger-ui.html]] and having filters [] (4/7)
2026-09-09T16:42:45.661-03:00 TRACE 25332 --- [projetonsei] [http-nio-8080-exec-3] o.s.security.web.FilterChainProxy        : Trying to match request against DefaultSecurityFilterChain matching [PathPattern [/swagger-ui/**]] and having filters [] (5/7)
2026-09-09T16:42:45.661-03:00 TRACE 25332 --- [projetonsei] [http-nio-8080-exec-3] o.s.security.web.FilterChainProxy        : Trying to match request against DefaultSecurityFilterChain matching [PathPattern [/webjars/**]] and having filters [] (6/7)
2026-09-09T16:42:45.661-03:00 TRACE 25332 --- [projetonsei] [http-nio-8080-exec-3] o.s.security.web.FilterChainProxy        : Trying to match request against DefaultSecurityFilterChain defined as 'securityFilterChain' in [class path resource [io/github/henrique0120/projetonsei/config/SecurityConfiguration.class]] matching [any request] and having filters [DisableEncodeUrl, WebAsyncManagerIntegration, SecurityContextHolder, HeaderWriter, Logout, JwtAuthentication, RequestCacheAware, SecurityContextHolderAwareRequest, AnonymousAuthentication, SessionManagement, ExceptionTranslation, Authorization] (7/7)
2026-09-09T16:42:45.661-03:00 DEBUG 25332 --- [projetonsei] [http-nio-8080-exec-3] o.s.security.web.FilterChainProxy        : Securing POST /client
2026-09-09T16:42:45.661-03:00 TRACE 25332 --- [projetonsei] [http-nio-8080-exec-3] o.s.security.web.FilterChainProxy        : Invoking DisableEncodeUrlFilter (1/12)
2026-09-09T16:42:45.661-03:00 TRACE 25332 --- [projetonsei] [http-nio-8080-exec-3] o.s.security.web.FilterChainProxy        : Invoking WebAsyncManagerIntegrationFilter (2/12)
2026-09-09T16:42:45.661-03:00 TRACE 25332 --- [projetonsei] [http-nio-8080-exec-3] o.s.security.web.FilterChainProxy        : Invoking SecurityContextHolderFilter (3/12)
2026-09-09T16:42:45.661-03:00 TRACE 25332 --- [projetonsei] [http-nio-8080-exec-3] o.s.security.web.FilterChainProxy        : Invoking HeaderWriterFilter (4/12)
2026-09-09T16:42:45.663-03:00 TRACE 25332 --- [projetonsei] [http-nio-8080-exec-3] o.s.security.web.FilterChainProxy        : Invoking LogoutFilter (5/12)
2026-09-09T16:42:45.663-03:00 TRACE 25332 --- [projetonsei] [http-nio-8080-exec-3] o.s.s.w.a.logout.LogoutFilter            : Did not match request to Or [PathPattern [GET /logout], PathPattern [POST /logout], PathPattern [PUT /logout], PathPattern [DELETE /logout]]
2026-09-09T16:42:45.663-03:00 TRACE 25332 --- [projetonsei] [http-nio-8080-exec-3] o.s.security.web.FilterChainProxy        : Invoking JwtAuthenticationFilter (6/12)
2026-09-09T16:42:45.888-03:00 TRACE 25332 --- [projetonsei] [http-nio-8080-exec-3] .s.s.w.c.SupplierDeferredSecurityContext : Created SecurityContextImpl [Null authentication]
2026-09-09T16:42:45.889-03:00 TRACE 25332 --- [projetonsei] [http-nio-8080-exec-3] o.s.security.web.FilterChainProxy        : Invoking RequestCacheAwareFilter (7/12)
2026-09-09T16:42:45.889-03:00 TRACE 25332 --- [projetonsei] [http-nio-8080-exec-3] o.s.security.web.FilterChainProxy        : Invoking SecurityContextHolderAwareRequestFilter (8/12)
2026-09-09T16:42:45.889-03:00 TRACE 25332 --- [projetonsei] [http-nio-8080-exec-3] o.s.security.web.FilterChainProxy        : Invoking AnonymousAuthenticationFilter (9/12)
2026-09-09T16:42:45.890-03:00 TRACE 25332 --- [projetonsei] [http-nio-8080-exec-3] o.s.security.web.FilterChainProxy        : Invoking SessionManagementFilter (10/12)
2026-09-09T16:42:45.893-03:00 TRACE 25332 --- [projetonsei] [http-nio-8080-exec-3] o.s.s.w.a.AnonymousAuthenticationFilter  : Did not set SecurityContextHolder since already authenticated UsernamePasswordAuthenticationToken [Principal=io.github.henrique0120.projetonsei.model.Users@7fe4baa6, Credentials=[PROTECTED], Authenticated=true, Details=null, Granted Authorities=[Roles(id=20982711-b235-438d-b0e3-3693569d092e, name=ROLE_AGR)]]
2026-09-09T16:42:45.893-03:00 TRACE 25332 --- [projetonsei] [http-nio-8080-exec-3] s.CompositeSessionAuthenticationStrategy : Preparing session with ChangeSessionIdAuthenticationStrategy (1/1)
2026-09-09T16:42:45.893-03:00 TRACE 25332 --- [projetonsei] [http-nio-8080-exec-3] o.s.security.web.FilterChainProxy        : Invoking ExceptionTranslationFilter (11/12)
2026-09-09T16:42:45.893-03:00 TRACE 25332 --- [projetonsei] [http-nio-8080-exec-3] o.s.security.web.FilterChainProxy        : Invoking AuthorizationFilter (12/12)
2026-09-09T16:42:45.893-03:00 TRACE 25332 --- [projetonsei] [http-nio-8080-exec-3] estMatcherDelegatingAuthorizationManager : Authorizing POST /client
2026-09-09T16:42:45.894-03:00 TRACE 25332 --- [projetonsei] [http-nio-8080-exec-3] estMatcherDelegatingAuthorizationManager : Checking authorization on POST /client using org.springframework.security.authorization.AuthenticatedAuthorizationManager@334a7bf2
2026-09-09T16:42:45.894-03:00 DEBUG 25332 --- [projetonsei] [http-nio-8080-exec-3] o.s.security.web.FilterChainProxy        : Secured POST /client
2026-09-09T16:42:45.895-03:00 DEBUG 25332 --- [projetonsei] [http-nio-8080-exec-3] o.s.web.servlet.DispatcherServlet        : POST "/client", parameters={}
2026-09-09T16:42:45.895-03:00 DEBUG 25332 --- [projetonsei] [http-nio-8080-exec-3] s.w.s.m.m.a.RequestMappingHandlerMapping : Mapped to io.github.henrique0120.projetonsei.controller.CustomerController#registerCustomer(RequestCustomerDTO)
2026-09-09T16:42:45.920-03:00 DEBUG 25332 --- [projetonsei] [http-nio-8080-exec-3] m.m.a.RequestResponseBodyMethodProcessor : Read "application/json;charset=UTF-8" to [RequestCustomerDTO[cpf=43856566732, name=maria, email=maria@email.com, idAgr=cd04ae90-eb20-4a82-a2b0 (truncated)...]
2026-09-09T16:42:45.992-03:00 DEBUG 25332 --- [projetonsei] [http-nio-8080-exec-3] horizationManagerBeforeMethodInterceptor : Authorizing method invocation ReflectiveMethodInvocation: public org.springframework.http.ResponseEntity io.github.henrique0120.projetonsei.controller.CustomerController.registerCustomer(io.github.henrique0120.projetonsei.dto.request.RequestCustomerDTO); target is of class [io.github.henrique0120.projetonsei.controller.CustomerController]
2026-09-09T16:42:46.012-03:00 DEBUG 25332 --- [projetonsei] [http-nio-8080-exec-3] horizationManagerBeforeMethodInterceptor : Authorized method invocation ReflectiveMethodInvocation: public org.springframework.http.ResponseEntity io.github.henrique0120.projetonsei.controller.CustomerController.registerCustomer(io.github.henrique0120.projetonsei.dto.request.RequestCustomerDTO); target is of class [io.github.henrique0120.projetonsei.controller.CustomerController]
2026-09-09T16:42:46.081-03:00 DEBUG 25332 --- [projetonsei] [http-nio-8080-exec-3] .m.m.a.ExceptionHandlerExceptionResolver : Using @ExceptionHandler io.github.henrique0120.projetonsei.common.GlobalExceptionHandler#handleErrosNaoTratados(RuntimeException)
2026-09-09T16:42:46.085-03:00 DEBUG 25332 --- [projetonsei] [http-nio-8080-exec-3] m.m.a.RequestResponseBodyMethodProcessor : Using 'application/json', given [*/*] and supported [application/json, application/*+json, application/yaml]
2026-09-09T16:42:46.092-03:00 DEBUG 25332 --- [projetonsei] [http-nio-8080-exec-3] m.m.a.RequestResponseBodyMethodProcessor : Writing [ErroResposta[status=500, mensagem=Ocorreu um erro inesperado. Entre em contato com a admnistração do (truncated)...]
2026-09-09T16:42:46.107-03:00  WARN 25332 --- [projetonsei] [http-nio-8080-exec-3] .m.m.a.ExceptionHandlerExceptionResolver : Resolved [java.lang.IllegalArgumentException: Já existe um(a) cliente cadastrado(a) com esse CPF!]
2026-09-09T16:42:46.110-03:00 DEBUG 25332 --- [projetonsei] [http-nio-8080-exec-3] o.s.web.servlet.DispatcherServlet        : Completed 500 INTERNAL_SERVER_ERROR
2026-09-09T16:42:46.111-03:00 TRACE 25332 --- [projetonsei] [http-nio-8080-exec-3] o.s.s.w.header.writers.HstsHeaderWriter  : Not injecting HSTS header since it did not match request to [Is Secure]
2026-09-09T16:43:21.085-03:00 TRACE 25332 --- [projetonsei] [http-nio-8080-exec-4] o.s.security.web.FilterChainProxy        : Trying to match request against DefaultSecurityFilterChain matching [PathPattern [/v2/api-docs/**]] and having filters [] (1/7)
2026-09-09T16:43:21.085-03:00 TRACE 25332 --- [projetonsei] [http-nio-8080-exec-4] o.s.security.web.FilterChainProxy        : Trying to match request against DefaultSecurityFilterChain matching [PathPattern [/v3/api-docs/**]] and having filters [] (2/7)
2026-09-09T16:43:21.085-03:00 TRACE 25332 --- [projetonsei] [http-nio-8080-exec-4] o.s.security.web.FilterChainProxy        : Trying to match request against DefaultSecurityFilterChain matching [PathPattern [/swagger-resources/**]] and having filters [] (3/7)
2026-09-09T16:43:21.085-03:00 TRACE 25332 --- [projetonsei] [http-nio-8080-exec-4] o.s.security.web.FilterChainProxy        : Trying to match request against DefaultSecurityFilterChain matching [PathPattern [/swagger-ui.html]] and having filters [] (4/7)
2026-09-09T16:43:21.085-03:00 TRACE 25332 --- [projetonsei] [http-nio-8080-exec-4] o.s.security.web.FilterChainProxy        : Trying to match request against DefaultSecurityFilterChain matching [PathPattern [/swagger-ui/**]] and having filters [] (5/7)
2026-09-09T16:43:21.085-03:00 TRACE 25332 --- [projetonsei] [http-nio-8080-exec-4] o.s.security.web.FilterChainProxy        : Trying to match request against DefaultSecurityFilterChain matching [PathPattern [/webjars/**]] and having filters [] (6/7)
2026-09-09T16:43:21.085-03:00 TRACE 25332 --- [projetonsei] [http-nio-8080-exec-4] o.s.security.web.FilterChainProxy        : Trying to match request against DefaultSecurityFilterChain defined as 'securityFilterChain' in [class path resource [io/github/henrique0120/projetonsei/config/SecurityConfiguration.class]] matching [any request] and having filters [DisableEncodeUrl, WebAsyncManagerIntegration, SecurityContextHolder, HeaderWriter, Logout, JwtAuthentication, RequestCacheAware, SecurityContextHolderAwareRequest, AnonymousAuthentication, SessionManagement, ExceptionTranslation, Authorization] (7/7)
2026-09-09T16:43:21.087-03:00 DEBUG 25332 --- [projetonsei] [http-nio-8080-exec-4] o.s.security.web.FilterChainProxy        : Securing POST /certificate
2026-09-09T16:43:21.087-03:00 TRACE 25332 --- [projetonsei] [http-nio-8080-exec-4] o.s.security.web.FilterChainProxy        : Invoking DisableEncodeUrlFilter (1/12)
2026-09-09T16:43:21.087-03:00 TRACE 25332 --- [projetonsei] [http-nio-8080-exec-4] o.s.security.web.FilterChainProxy        : Invoking WebAsyncManagerIntegrationFilter (2/12)
2026-09-09T16:43:21.087-03:00 TRACE 25332 --- [projetonsei] [http-nio-8080-exec-4] o.s.security.web.FilterChainProxy        : Invoking SecurityContextHolderFilter (3/12)
2026-09-09T16:43:21.087-03:00 TRACE 25332 --- [projetonsei] [http-nio-8080-exec-4] o.s.security.web.FilterChainProxy        : Invoking HeaderWriterFilter (4/12)
2026-09-09T16:43:21.087-03:00 TRACE 25332 --- [projetonsei] [http-nio-8080-exec-4] o.s.security.web.FilterChainProxy        : Invoking LogoutFilter (5/12)
2026-09-09T16:43:21.087-03:00 TRACE 25332 --- [projetonsei] [http-nio-8080-exec-4] o.s.s.w.a.logout.LogoutFilter            : Did not match request to Or [PathPattern [GET /logout], PathPattern [POST /logout], PathPattern [PUT /logout], PathPattern [DELETE /logout]]
2026-09-09T16:43:21.087-03:00 TRACE 25332 --- [projetonsei] [http-nio-8080-exec-4] o.s.security.web.FilterChainProxy        : Invoking JwtAuthenticationFilter (6/12)
2026-09-09T16:43:21.103-03:00 TRACE 25332 --- [projetonsei] [http-nio-8080-exec-4] .s.s.w.c.SupplierDeferredSecurityContext : Created SecurityContextImpl [Null authentication]
2026-09-09T16:43:21.103-03:00 TRACE 25332 --- [projetonsei] [http-nio-8080-exec-4] o.s.security.web.FilterChainProxy        : Invoking RequestCacheAwareFilter (7/12)
2026-09-09T16:43:21.103-03:00 TRACE 25332 --- [projetonsei] [http-nio-8080-exec-4] o.s.security.web.FilterChainProxy        : Invoking SecurityContextHolderAwareRequestFilter (8/12)
2026-09-09T16:43:21.104-03:00 TRACE 25332 --- [projetonsei] [http-nio-8080-exec-4] o.s.security.web.FilterChainProxy        : Invoking AnonymousAuthenticationFilter (9/12)
2026-09-09T16:43:21.104-03:00 TRACE 25332 --- [projetonsei] [http-nio-8080-exec-4] o.s.security.web.FilterChainProxy        : Invoking SessionManagementFilter (10/12)
2026-09-09T16:43:21.105-03:00 TRACE 25332 --- [projetonsei] [http-nio-8080-exec-4] o.s.s.w.a.AnonymousAuthenticationFilter  : Did not set SecurityContextHolder since already authenticated UsernamePasswordAuthenticationToken [Principal=io.github.henrique0120.projetonsei.model.Users@5f53fb29, Credentials=[PROTECTED], Authenticated=true, Details=null, Granted Authorities=[Roles(id=20982711-b235-438d-b0e3-3693569d092e, name=ROLE_AGR)]]
2026-09-09T16:43:21.105-03:00 TRACE 25332 --- [projetonsei] [http-nio-8080-exec-4] s.CompositeSessionAuthenticationStrategy : Preparing session with ChangeSessionIdAuthenticationStrategy (1/1)
2026-09-09T16:43:21.105-03:00 TRACE 25332 --- [projetonsei] [http-nio-8080-exec-4] o.s.security.web.FilterChainProxy        : Invoking ExceptionTranslationFilter (11/12)
2026-09-09T16:43:21.105-03:00 TRACE 25332 --- [projetonsei] [http-nio-8080-exec-4] o.s.security.web.FilterChainProxy        : Invoking AuthorizationFilter (12/12)
2026-09-09T16:43:21.105-03:00 TRACE 25332 --- [projetonsei] [http-nio-8080-exec-4] estMatcherDelegatingAuthorizationManager : Authorizing POST /certificate
2026-09-09T16:43:21.106-03:00 TRACE 25332 --- [projetonsei] [http-nio-8080-exec-4] estMatcherDelegatingAuthorizationManager : Checking authorization on POST /certificate using org.springframework.security.authorization.AuthenticatedAuthorizationManager@334a7bf2
2026-09-09T16:43:21.106-03:00 DEBUG 25332 --- [projetonsei] [http-nio-8080-exec-4] o.s.security.web.FilterChainProxy        : Secured POST /certificate
2026-09-09T16:43:21.106-03:00 DEBUG 25332 --- [projetonsei] [http-nio-8080-exec-4] o.s.web.servlet.DispatcherServlet        : POST "/certificate", parameters={}
2026-09-09T16:43:21.107-03:00 DEBUG 25332 --- [projetonsei] [http-nio-8080-exec-4] s.w.s.m.m.a.RequestMappingHandlerMapping : Mapped to io.github.henrique0120.projetonsei.controller.CertificateController#saveCertificate(RequestCertificateDTO)
2026-09-09T16:43:21.121-03:00 DEBUG 25332 --- [projetonsei] [http-nio-8080-exec-4] m.m.a.RequestResponseBodyMethodProcessor : Read "application/json;charset=UTF-8" to [RequestCertificateDTO[password=1234567, type=ECPF_A3, idClient=b31fc605-169c-4412-99b4-29f378800d4b]]
2026-09-09T16:43:21.128-03:00 DEBUG 25332 --- [projetonsei] [http-nio-8080-exec-4] horizationManagerBeforeMethodInterceptor : Authorizing method invocation ReflectiveMethodInvocation: public org.springframework.http.ResponseEntity io.github.henrique0120.projetonsei.controller.CertificateController.saveCertificate(io.github.henrique0120.projetonsei.dto.request.RequestCertificateDTO); target is of class [io.github.henrique0120.projetonsei.controller.CertificateController]
2026-09-09T16:43:21.130-03:00 DEBUG 25332 --- [projetonsei] [http-nio-8080-exec-4] horizationManagerBeforeMethodInterceptor : Authorized method invocation ReflectiveMethodInvocation: public org.springframework.http.ResponseEntity io.github.henrique0120.projetonsei.controller.CertificateController.saveCertificate(io.github.henrique0120.projetonsei.dto.request.RequestCertificateDTO); target is of class [io.github.henrique0120.projetonsei.controller.CertificateController]
2026-09-09T16:43:21.302-03:00 DEBUG 25332 --- [projetonsei] [http-nio-8080-exec-4] o.s.w.s.m.m.a.HttpEntityMethodProcessor  : Using 'text/plain', given [*/*] and supported [text/plain, */*, application/json, application/*+json, application/yaml]
2026-09-09T16:43:21.302-03:00 DEBUG 25332 --- [projetonsei] [http-nio-8080-exec-4] o.s.w.s.m.m.a.HttpEntityMethodProcessor  : Writing ["Certificado emitido com sucesso!"]
2026-09-09T16:43:21.302-03:00 TRACE 25332 --- [projetonsei] [http-nio-8080-exec-4] o.s.s.w.header.writers.HstsHeaderWriter  : Not injecting HSTS header since it did not match request to [Is Secure]
2026-09-09T16:43:21.306-03:00 DEBUG 25332 --- [projetonsei] [http-nio-8080-exec-4] o.s.web.servlet.DispatcherServlet        : Completed 201 CREATED
2026-09-09T17:00:00.209-03:00  WARN 25332 --- [projetonsei] [HikariPool-1:housekeeper] com.zaxxer.hikari.pool.HikariPool        : HikariPool-1 - Thread starvation or clock leap detected (housekeeper delta=8m761ms7µs900ns).
